STRUCTURE,STRUCTURE_ID,ACTION,FREQ,REF_AREA,INDICATOR,SEX,AGE,URBANISATION,UNIT_MEASURE,COMP_BREAKDOWN_1,COMP_BREAKDOWN_2,COMP_BREAKDOWN_3,AGG_METHOD,UNIT_TYPE,DECIMALS,DATABASE_ID,TIME_FORMAT,UNIT_MULT,OBS_STATUS,OBS_CONF,FREQ_LABEL,REF_AREA_LABEL,INDICATOR_LABEL,SEX_LABEL,AGE_LABEL,URBANISATION_LABEL,UNIT_MEASURE_LABEL,COMP_BREAKDOWN_1_LABEL,COMP_BREAKDOWN_2_LABEL,COMP_BREAKDOWN_3_LABEL,AGG_METHOD_LABEL,UNIT_TYPE_LABEL,DECIMALS_LABEL,DATABASE_ID_LABEL,TIME_FORMAT_LABEL,UNIT_MULT_LABEL,OBS_STATUS_LABEL,OBS_CONF_LABEL,1985,1986,1987,1988,1989,1990,1991,1992,1993,1994,1995,1996,1997,1998,1999,2000,2001,2002,2003,2004,2005,2006,2007,2008,2009,2010,2011,2012,2013,2014,2015,2016,2017,2018,2019,2020,2021,2022,2023,2024,2025
datastructure,WB.DATA360:DS_DATA360(1.3),I,A,TUV,WB_WDI_SI_POV_NAHC,_T,_T,_T,PT_POP,_Z,_Z,_Z,_Z,RATIO,2,WB_WDI,P1Y,0,A,PU,Annual,Tuvalu,Poverty headcount ratio at national poverty lines (% of population),Total,All age ranges or no breakdown by age,Total,Percentage of population,Not Applicable,Not Applicable,Not Applicable,Not Applicable,Ratio,Two,World Development Indicators (WDI),Annual,Units,Normal value,Public,,,,,,,,,,,,,,,,,,,,,,,,,,26.3,,,,,,,,,,,,,,,
datastructure,WB.DATA360:DS_DATA360(1.3),I,A,SSD,WB_WDI_SI_POV_NAHC,_T,_T,_T,PT_POP,_Z,_Z,_Z,_Z,RATIO,2,WB_WDI,P1Y,0,A,PU,Annual,South Sudan,Poverty headcount ratio at national poverty lines (% of population),Total,All age ranges or no breakdown by age,Total,Percentage of population,Not Applicable,Not Applicable,Not Applicable,Not Applicable,Ratio,Two,World Development Indicators (WDI),Annual,Units,Normal value,Public,,,,,,,,,,,,,,,,,,,,,,,,,,,,,,,,82.3,,,,,,,,,
datastructure,WB.DATA360:DS_DATA360(1.3),I,A,LAO,WB_WDI_SI_POV_NAHC,_T,_T,_T,PT_POP,_Z,_Z,_Z,_Z,RATIO,2,WB_WDI,P1Y,0,A,PU,Annual,Lao PDR,Poverty headcount ratio at national poverty lines (% of population),Total,All age ranges or no breakdown by age,Total,Percentage of population,Not Applicable,Not Applicable,Not Applicable,Not Applicable,Ratio,Two,World Development Indicators (WDI),Annual,Units,Normal value,Public,,,,,,,,,,,,,,,,,,,,,,,,,,,,,,,,,,18.3,,,,,,15.0,
datastructure,WB.DATA360:DS_DATA360(1.3),I,A,CPV,WB_WDI_SI_POV_NAHC,_T,_T,_T,PT_POP,_Z,_Z,_Z,_Z,RATIO,2,WB_WDI,P1Y,0,A,PU,Annual,Cabo Verde,Poverty headcount ratio at national poverty lines (% of population),Total,All age ranges or no breakdown by age,Total,Percentage of population,Not Applicable,Not Applicable,Not Applicable,Not Applicable,Ratio,Two,World Development Indicators (WDI),Annual,Units,Normal value,Public,,,,,,,,,,,,,,,,,56.8,,,,,,45.4,,,,,,,,35.2,,,,,,,,24.8,,
datastructure,WB.DATA360:DS_DATA360(1.3),I,A,BLZ,WB_WDI_SI_POV_NAHC,_T,_T,_T,PT_POP,_Z,_Z,_Z,_Z,RATIO,2,WB_WDI,P1Y,0,A,PU,Annual,Belize,Poverty headcount ratio at national poverty lines (% of population),Total,All age ranges or no breakdown by age,Total,Percentage of population,Not Applicable,Not Applicable,Not Applicable,Not Applicable,Ratio,Two,World Development Indicators (WDI),Annual,Units,Normal value,Public,,,,,,,,,,,,,,,,,,34.1,,,,,,,41.3,,,,,,,,,52.0,,,,,,,
datastructure,WB.DATA360:DS_DATA360(1.3),I,A,SWZ,WB_WDI_SI_POV_NAHC,_T,_T,_T,PT_POP,_Z,_Z,_Z,_Z,RATIO,2,WB_WDI,P1Y,0,A,PU,Annual,Eswatini,Poverty headcount ratio at national poverty lines (% of population),Total,All age ranges or no breakdown by age,Total,Percentage of population,Not Applicable,Not Applicable,Not Applicable,Not Applicable,Ratio,Two,World Development Indicators (WDI),Annual,Units,Normal value,Public,,,,,,,,,,,,,,,,69.0,,,,,,,,,63.0,,,,,,,58.9,,,,,,,,,
datastructure,WB.DATA360:DS_DATA360(1.3),I,A,ARG,WB_WDI_SI_POV_NAHC,_T,_T,_T,PT_POP,_Z,_Z,_Z,_Z,RATIO,2,WB_WDI,P1Y,0,A,PU,Annual,Argentina,Poverty headcount ratio at national poverty lines (% of population),Total,All age ranges or no breakdown by age,Total,Percentage of population,Not Applicable,Not Applicable,Not Applicable,Not Applicable,Ratio,Two,World Development Indicators (WDI),Annual,Units,Normal value,Public,,,,,,,,,,,,,,,,,,,,,,,,,,,,,,,,30.3,25.7,32.0,35.5,42.0,37.3,39.2,41.7,38.1,
datastructure,WB.DATA360:DS_DATA360(1.3),I,A,PAK,WB_WDI_SI_POV_NAHC,_T,_T,_T,PT_POP,_Z,_Z,_Z,_Z,RATIO,2,WB_WDI,P1Y,0,A,PU,Annual,Pakistan,Poverty headcount ratio at national poverty lines (% of population),Total,All age ranges or no breakdown by age,Total,Percentage of population,Not Applicable,Not Applicable,Not Applicable,Not Applicable,Ratio,Two,World Development Indicators (WDI),Annual,Units,Normal value,Public,,,,,,,,,,,,,,,,,64.3,,,51.7,50.4,,44.1,,,36.8,36.3,,29.5,,24.3,,,21.9,,,,,,,
datastructure,WB.DATA360:DS_DATA360(1.3),I,A,ISL,WB_WDI_SI_POV_NAHC,_T,_T,_T,PT_POP,_Z,_Z,_Z,_Z,RATIO,2,WB_WDI,P1Y,0,A,PU,Annual,Iceland,Poverty headcount ratio at national poverty lines (% of population),Total,All age ranges or no breakdown by age,Total,Percentage of population,Not Applicable,Not Applicable,Not Applicable,Not Applicable,Ratio,Two,World Development Indicators (WDI),Annual,Units,Normal value,Public,,,,,,,,,,,,,,,,,,,10.0,9.7,9.6,10.1,10.1,10.2,9.8,9.2,7.9,9.3,7.9,9.2,8.8,10.1,8.8,,,,,,,,
datastructure,WB.DATA360:DS_DATA360(1.3),I,A,LSO,WB_WDI_SI_POV_NAHC,_T,_T,_T,PT_POP,_Z,_Z,_Z,_Z,RATIO,2,WB_WDI,P1Y,0,A,PU,Annual,Lesotho,Poverty headcount ratio at national poverty lines (% of population),Total,All age ranges or no breakdown by age,Total,Percentage of population,Not Applicable,Not Applicable,Not Applicable,Not Applicable,Ratio,Two,World Development Indicators (WDI),Annual,Units,Normal value,Public,,46.8,,,,,,,49.2,66.6,,,,,,,,56.6,,,,,,,,,,,,,,,49.7,,,,,,,,
datastructure,WB.DATA360:DS_DATA360(1.3),I,A,GTM,WB_WDI_SI_POV_NAHC,_T,_T,_T,PT_POP,_Z,_Z,_Z,_Z,RATIO,2,WB_WDI,P1Y,0,A,PU,Annual,Guatemala,Poverty headcount ratio at national poverty lines (% of population),Total,All age ranges or no breakdown by age,Total,Percentage of population,Not Applicable,Not Applicable,Not Applicable,Not Applicable,Ratio,Two,World Development Indicators (WDI),Annual,Units,Normal value,Public,,,,,,,,,,,,,,,,,,,,,,,,,,,,,,,,,,,,,,,56.0,,
datastructure,WB.DATA360:DS_DATA360(1.3),I,A,ZAF,WB_WDI_SI_POV_NAHC,_T,_T,_T,PT_POP,_Z,_Z,_Z,_Z,RATIO,2,WB_WDI,P1Y,0,A,PU,Annual,South Africa,Poverty headcount ratio at national poverty lines (% of population),Total,All age ranges or no breakdown by age,Total,Percentage of population,Not Applicable,Not Applicable,Not Applicable,Not Applicable,Ratio,Two,World Development Indicators (WDI),Annual,Units,Normal value,Public,,,,,,,,,,,,,,,,,,,,,57.5,,,55.7,,45.8,,,,46.7,,,,,,,,37.9,,,
datastructure,WB.DATA360:DS_DATA360(1.3),I,A,MUS,WB_WDI_SI_POV_NAHC,_T,_T,_T,PT_POP,_Z,_Z,_Z,_Z,RATIO,2,WB_WDI,P1Y,0,A,PU,Annual,Mauritius,Poverty headcount ratio at national poverty lines (% of population),Total,All age ranges or no breakdown by age,Total,Percentage of population,Not Applicable,Not Applicable,Not Applicable,Not Applicable,Ratio,Two,World Development Indicators (WDI),Annual,Units,Normal value,Public,,,,,,,,,,,,,,,,,,,,,,,,,,,,7.9,,,,,10.4,,,,,,8.4,,
datastructure,WB.DATA360:DS_DATA360(1.3),I,A,GHA,WB_WDI_SI_POV_NAHC,_T,_T,_T,PT_POP,_Z,_Z,_Z,_Z,RATIO,2,WB_WDI,P1Y,0,A,PU,Annual,Ghana,Poverty headcount ratio at national poverty lines (% of population),Total,All age ranges or no breakdown by age,Total,Percentage of population,Not Applicable,Not Applicable,Not Applicable,Not Applicable,Ratio,Two,World Development Indicators (WDI),Annual,Units,Normal value,Public,,,,,,,51.7,,,,,,,39.5,,,,,,,31.9,,,,,,,24.2,,,,23.4,,,,,,,,,
datastructure,WB.DATA360:DS_DATA360(1.3),I,A,PNG,WB_WDI_SI_POV_NAHC,_T,_T,_T,PT_POP,_Z,_Z,_Z,_Z,RATIO,2,WB_WDI,P1Y,0,A,PU,Annual,Papua New Guinea,Poverty headcount ratio at national poverty lines (% of population),Total,All age ranges or no breakdown by age,Total,Percentage of population,Not Applicable,Not Applicable,Not Applicable,Not Applicable,Ratio,Two,World Development Indicators (WDI),Annual,Units,Normal value,Public,,,,,,,,,,,,37.5,,,,,,,,,,,,,39.9,,,,,,,,,,,,,,,,
datastructure,WB.DATA360:DS_DATA360(1.3),I,A,ITA,WB_WDI_SI_POV_NAHC,_T,_T,_T,PT_POP,_Z,_Z,_Z,_Z,RATIO,2,WB_WDI,P1Y,0,A,PU,Annual,Italy,Poverty headcount ratio at national poverty lines (% of population),Total,All age ranges or no breakdown by age,Total,Percentage of population,Not Applicable,Not Applicable,Not Applicable,Not Applicable,Ratio,Two,World Development Indicators (WDI),Annual,Units,Normal value,Public,,,,,,,,,,,,,,,,,,,18.9,19.2,19.3,19.5,18.9,18.4,18.7,19.8,19.5,19.3,19.4,19.9,20.6,20.3,20.3,20.1,20.0,20.1,20.1,,,,
datastructure,WB.DATA360:DS_DATA360(1.3),I,A,PHL,WB_WDI_SI_POV_NAHC,_T,_T,_T,PT_POP,_Z,_Z,_Z,_Z,RATIO,2,WB_WDI,P1Y,0,A,PU,Annual,Philippines,Poverty headcount ratio at national poverty lines (% of population),Total,All age ranges or no breakdown by age,Total,Percentage of population,Not Applicable,Not Applicable,Not Applicable,Not Applicable,Ratio,Two,World Development Indicators (WDI),Annual,Units,Normal value,Public,,,,,,,,,,,,,,,,,,,,,,,,,,,,,,,23.5,,,16.7,,,18.1,,15.5,,
datastructure,WB.DATA360:DS_DATA360(1.3),I,A,COG,WB_WDI_SI_POV_NAHC,_T,_T,_T,PT_POP,_Z,_Z,_Z,_Z,RATIO,2,WB_WDI,P1Y,0,A,PU,Annual,"Congo, Rep.",Poverty headcount ratio at national poverty lines (% of population),Total,All age ranges or no breakdown by age,Total,Percentage of population,Not Applicable,Not Applicable,Not Applicable,Not Applicable,Ratio,Two,World Development Indicators (WDI),Annual,Units,Normal value,Public,,,,,,,,,,,,,,,,,,,,,50.7,,,,,,40.9,,,,,,,,,,,,,,
datastructure,WB.DATA360:DS_DATA360(1.3),I,A,GNB,WB_WDI_SI_POV_NAHC,_T,_T,_T,PT_POP,_Z,_Z,_Z,_Z,RATIO,2,WB_WDI,P1Y,0,A,PU,Annual,Guinea-Bissau,Poverty headcount ratio at national poverty lines (% of population),Total,All age ranges or no breakdown by age,Total,Percentage of population,Not Applicable,Not Applicable,Not Applicable,Not Applicable,Ratio,Two,World Development Indicators (WDI),Annual,Units,Normal value,Public,,,,,,,49.0,,58.5,,,,,,,,,64.7,,,,,,,,48.7,,,,,,,,47.7,,,50.5,,,,
datastructure,WB.DATA360:DS_DATA360(1.3),I,A,GBR,WB_WDI_SI_POV_NAHC,_T,_T,_T,PT_POP,_Z,_Z,_Z,_Z,RATIO,2,WB_WDI,P1Y,0,A,PU,Annual,United Kingdom,Poverty headcount ratio at national poverty lines (% of population),Total,All age ranges or no breakdown by age,Total,Percentage of population,Not Applicable,Not Applicable,Not Applicable,Not Applicable,Ratio,Two,World Development Indicators (WDI),Annual,Units,Normal value,Public,,,,,,,,,,,,,,,,,,,,,,,,,,,,,,,,17.0,18.6,,,,,,,,
datastructure,WB.DATA360:DS_DATA360(1.3),I,A,LTU,WB_WDI_SI_POV_NAHC,_T,_T,_T,PT_POP,_Z,_Z,_Z,_Z,RATIO,2,WB_WDI,P1Y,0,A,PU,Annual,Lithuania,Poverty headcount ratio at national poverty lines (% of population),Total,All age ranges or no breakdown by age,Total,Percentage of population,Not Applicable,Not Applicable,Not Applicable,Not Applicable,Ratio,Two,World Development Indicators (WDI),Annual,Units,Normal value,Public,,,,,,,,,,,,,,,,,,,,20.5,20.0,19.1,20.9,20.3,20.5,19.2,18.6,20.6,19.1,22.2,21.9,22.9,22.9,20.6,20.9,20.0,20.9,,,,
datastructure,WB.DATA360:DS_DATA360(1.3),I,A,YEM,WB_WDI_SI_POV_NAHC,_T,_T,_T,PT_POP,_Z,_Z,_Z,_Z,RATIO,2,WB_WDI,P1Y,0,A,PU,Annual,"Yemen, Rep.",Poverty headcount ratio at national poverty lines (% of population),Total,All age ranges or no breakdown by age,Total,Percentage of population,Not Applicable,Not Applicable,Not Applicable,Not Applicable,Ratio,Two,World Development Indicators (WDI),Annual,Units,Normal value,Public,,,,,,,,,,,,,,,,,,,,,,,,,,,,,,48.6,,,,,,,,,,,
datastructure,WB.DATA360:DS_DATA360(1.3),I,A,BOL,WB_WDI_SI_POV_NAHC,_T,_T,_T,PT_POP,_Z,_Z,_Z,_Z,RATIO,2,WB_WDI,P1Y,0,A,PU,Annual,Bolivia,Poverty headcount ratio at national poverty lines (% of population),Total,All age ranges or no breakdown by age,Total,Percentage of population,Not Applicable,Not Applicable,Not Applicable,Not Applicable,Ratio,Two,World Development Indicators (WDI),Annual,Units,Normal value,Public,,,,,,,,,,,,,,,,,,,,,,,,,,,,,,,,43.0,42.2,39.9,37.2,39.0,36.4,37.7,36.5,37.7,
datastructure,WB.DATA360:DS_DATA360(1.3),I,A,SEN,WB_WDI_SI_POV_NAHC,_T,_T,_T,PT_POP,_Z,_Z,_Z,_Z,RATIO,2,WB_WDI,P1Y,0,A,PU,Annual,Senegal,Poverty headcount ratio at national poverty lines (% of population),Total,All age ranges or no breakdown by age,Total,Percentage of population,Not Applicable,Not Applicable,Not Applicable,Not Applicable,Ratio,Two,World Development Indicators (WDI),Annual,Units,Normal value,Public,,,,,,,,,,,,,,,,,,,,,,,,,,,,,,,,,,37.8,,,37.5,,,,
datastructure,WB.DATA360:DS_DATA360(1.3),I,A,SWE,WB_WDI_SI_POV_NAHC,_T,_T,_T,PT_POP,_Z,_Z,_Z,_Z,RATIO,2,WB_WDI,P1Y,0,A,PU,Annual,Sweden,Poverty headcount ratio at national poverty lines (% of population),Total,All age ranges or no breakdown by age,Total,Percentage of population,Not Applicable,Not Applicable,Not Applicable,Not Applicable,Ratio,Two,World Development Indicators (WDI),Annual,Units,Normal value,Public,,,,,,,,,,,,,,,,,,,,,,,13.5,14.4,14.8,15.4,15.2,16.0,15.6,16.3,16.2,15.8,16.4,17.1,16.1,15.7,16.0,16.1,,,
datastructure,WB.DATA360:DS_DATA360(1.3),I,A,MLT,WB_WDI_SI_POV_NAHC,_T,_T,_T,PT_POP,_Z,_Z,_Z,_Z,RATIO,2,WB_WDI,P1Y,0,A,PU,Annual,Malta,Poverty headcount ratio at national poverty lines (% of population),Total,All age ranges or no breakdown by age,Total,Percentage of population,Not Applicable,Not Applicable,Not Applicable,Not Applicable,Ratio,Two,World Development Indicators (WDI),Annual,Units,Normal value,Public,,,,,,,,,,,,,,,,,,,,14.3,14.2,15.1,15.3,14.9,15.5,15.6,15.1,15.8,15.8,16.6,16.5,16.7,16.8,17.1,16.9,16.9,16.7,,,,
datastructure,WB.DATA360:DS_DATA360(1.3),I,A,SLE,WB_WDI_SI_POV_NAHC,_T,_T,_T,PT_POP,_Z,_Z,_Z,_Z,RATIO,2,WB_WDI,P1Y,0,A,PU,Annual,Sierra Leone,Poverty headcount ratio at national poverty lines (% of population),Total,All age ranges or no breakdown by age,Total,Percentage of population,Not Applicable,Not Applicable,Not Applicable,Not Applicable,Ratio,Two,World Development Indicators (WDI),Annual,Units,Normal value,Public,,,,,,,,,,,,,,,,,,,,,,,,,,,62.4,,,,,,,56.8,,,,,,,
datastructure,WB.DATA360:DS_DATA360(1.3),I,A,ALB,WB_WDI_SI_POV_NAHC,_T,_T,_T,PT_POP,_Z,_Z,_Z,_Z,RATIO,2,WB_WDI,P1Y,0,A,PU,Annual,Albania,Poverty headcount ratio at national poverty lines (% of population),Total,All age ranges or no breakdown by age,Total,Percentage of population,Not Applicable,Not Applicable,Not Applicable,Not Applicable,Ratio,Two,World Development Indicators (WDI),Annual,Units,Normal value,Public,,,,,,,,,,,,,,,,,,25.4,,,18.5,,,12.4,,,,14.3,,,,23.7,23.4,23.0,21.8,22.0,20.6,19.7,,,
datastructure,WB.DATA360:DS_DATA360(1.3),I,A,TZA,WB_WDI_SI_POV_NAHC,_T,_T,_T,PT_POP,_Z,_Z,_Z,_Z,RATIO,2,WB_WDI,P1Y,0,A,PU,Annual,Tanzania,Poverty headcount ratio at national poverty lines (% of population),Total,All age ranges or no breakdown by age,Total,Percentage of population,Not Applicable,Not Applicable,Not Applicable,Not Applicable,Ratio,Two,World Development Indicators (WDI),Annual,Units,Normal value,Public,,,,,,,38.6,,,,,,,,,35.6,,,,,,,34.4,,,,28.2,,,,,,,26.4,,,,,,,
datastructure,WB.DATA360:DS_DATA360(1.3),I,A,STP,WB_WDI_SI_POV_NAHC,_T,_T,_T,PT_POP,_Z,_Z,_Z,_Z,RATIO,2,WB_WDI,P1Y,0,A,PU,Annual,São Tomé and Príncipe,Poverty headcount ratio at national poverty lines (% of population),Total,All age ranges or no breakdown by age,Total,Percentage of population,Not Applicable,Not Applicable,Not Applicable,Not Applicable,Ratio,Two,World Development Indicators (WDI),Annual,Units,Normal value,Public,,,,,,,,,,,,,,,,,,,,,,,,,,,,,,,,,55.5,,,,,,,,
datastructure,WB.DATA360:DS_DATA360(1.3),I,A,TCD,WB_WDI_SI_POV_NAHC,_T,_T,_T,PT_POP,_Z,_Z,_Z,_Z,RATIO,2,WB_WDI,P1Y,0,A,PU,Annual,Chad,Poverty headcount ratio at national poverty lines (% of population),Total,All age ranges or no breakdown by age,Total,Percentage of population,Not Applicable,Not Applicable,Not Applicable,Not Applicable,Ratio,Two,World Development Indicators (WDI),Annual,Units,Normal value,Public,,,,,,,,,,,,,,,,,,,,,,,,,,,,,,,,,,42.3,,,,44.8,,,
datastructure,WB.DATA360:DS_DATA360(1.3),I,A,BWA,WB_WDI_SI_POV_NAHC,_T,_T,_T,PT_POP,_Z,_Z,_Z,_Z,RATIO,2,WB_WDI,P1Y,0,A,PU,Annual,Botswana,Poverty headcount ratio at national poverty lines (% of population),Total,All age ranges or no breakdown by age,Total,Percentage of population,Not Applicable,Not Applicable,Not Applicable,Not Applicable,Ratio,Two,World Development Indicators (WDI),Annual,Units,Normal value,Public,59.0,,,,,,,,32.9,,,,,,,,,30.6,,,,,,,19.3,,,,,,16.1,,,,,,,,,,
datastructure,WB.DATA360:DS_DATA360(1.3),I,A,KHM,WB_WDI_SI_POV_NAHC,_T,_T,_T,PT_POP,_Z,_Z,_Z,_Z,RATIO,2,WB_WDI,P1Y,0,A,PU,Annual,Cambodia,Poverty headcount ratio at national poverty lines (% of population),Total,All age ranges or no breakdown by age,Total,Percentage of population,Not Applicable,Not Applicable,Not Applicable,Not Applicable,Ratio,Two,World Development Indicators (WDI),Annual,Units,Normal value,Public,,,,,,,,,,47.0,,,,,,,,,50.2,,,45.0,,34.0,23.9,22.1,20.5,17.7,,,,,,,,,,,,,
datastructure,WB.DATA360:DS_DATA360(1.3),I,A,ESP,WB_WDI_SI_POV_NAHC,_T,_T,_T,PT_POP,_Z,_Z,_Z,_Z,RATIO,2,WB_WDI,P1Y,0,A,PU,Annual,Spain,Poverty headcount ratio at national poverty lines (% of population),Total,All age ranges or no breakdown by age,Total,Percentage of population,Not Applicable,Not Applicable,Not Applicable,Not Applicable,Ratio,Two,World Development Indicators (WDI),Annual,Units,Normal value,Public,,,,,,,,,,,,,,,,,,,20.1,20.1,20.3,19.7,19.8,20.4,20.7,20.6,20.8,20.4,22.2,22.1,22.3,21.6,21.5,20.7,21.0,21.7,20.4,20.2,,,
datastructure,WB.DATA360:DS_DATA360(1.3),I,A,AFG,WB_WDI_SI_POV_NAHC,_T,_T,_T,PT_POP,_Z,_Z,_Z,_Z,RATIO,2,WB_WDI,P1Y,0,A,PU,Annual,Afghanistan,Poverty headcount ratio at national poverty lines (% of population),Total,All age ranges or no breakdown by age,Total,Percentage of population,Not Applicable,Not Applicable,Not Applicable,Not Applicable,Ratio,Two,World Development Indicators (WDI),Annual,Units,Normal value,Public,,,,,,,,,,,,,,,,,,,,,,,33.7,,,,38.3,,,,,54.5,,,47.1,,,,,,
datastructure,WB.DATA360:DS_DATA360(1.3),I,A,TUN,WB_WDI_SI_POV_NAHC,_T,_T,_T,PT_POP,_Z,_Z,_Z,_Z,RATIO,2,WB_WDI,P1Y,0,A,PU,Annual,Tunisia,Poverty headcount ratio at national poverty lines (% of population),Total,All age ranges or no breakdown by age,Total,Percentage of population,Not Applicable,Not Applicable,Not Applicable,Not Applicable,Ratio,Two,World Development Indicators (WDI),Annual,Units,Normal value,Public,,,,,,,,,,,,,,,,25.4,,,,,23.1,,,,,20.5,,,,,15.2,,,,,,16.6,,,,
datastructure,WB.DATA360:DS_DATA360(1.3),I,A,EGY,WB_WDI_SI_POV_NAHC,_T,_T,_T,PT_POP,_Z,_Z,_Z,_Z,RATIO,2,WB_WDI,P1Y,0,A,PU,Annual,"Egypt, Arab Rep.",Poverty headcount ratio at national poverty lines (% of population),Total,All age ranges or no breakdown by age,Total,Percentage of population,Not Applicable,Not Applicable,Not Applicable,Not Applicable,Ratio,Two,World Development Indicators (WDI),Annual,Units,Normal value,Public,,,,,,,,,,,,,,,,,,,,,,,,,,,,,,,,,,,,,33.5,,,,
datastructure,WB.DATA360:DS_DATA360(1.3),I,A,UKR,WB_WDI_SI_POV_NAHC,_T,_T,_T,PT_POP,_Z,_Z,_Z,_Z,RATIO,2,WB_WDI,P1Y,0,A,PU,Annual,Ukraine,Poverty headcount ratio at national poverty lines (% of population),Total,All age ranges or no breakdown by age,Total,Percentage of population,Not Applicable,Not Applicable,Not Applicable,Not Applicable,Ratio,Two,World Development Indicators (WDI),Annual,Units,Normal value,Public,,,,,,,,,,,,,,,,,,,,,,,,,,,,,,,51.9,51.1,34.9,27.6,23.1,23.2,,,,,
datastructure,WB.DATA360:DS_DATA360(1.3),I,A,RUS,WB_WDI_SI_POV_NAHC,_T,_T,_T,PT_POP,_Z,_Z,_Z,_Z,RATIO,2,WB_WDI,P1Y,0,A,PU,Annual,Russian Federation,Poverty headcount ratio at national poverty lines (% of population),Total,All age ranges or no breakdown by age,Total,Percentage of population,Not Applicable,Not Applicable,Not Applicable,Not Applicable,Ratio,Two,World Development Indicators (WDI),Annual,Units,Normal value,Public,,,,,,,,,,,,,,,,29.0,27.5,24.6,20.3,17.6,17.8,15.2,13.3,13.4,13.0,12.5,12.7,10.8,10.8,11.3,13.5,13.3,13.0,12.7,12.4,12.2,11.1,9.0,8.3,7.2,
datastructure,WB.DATA360:DS_DATA360(1.3),I,A,HTI,WB_WDI_SI_POV_NAHC,_T,_T,_T,PT_POP,_Z,_Z,_Z,_Z,RATIO,2,WB_WDI,P1Y,0,A,PU,Annual,Haiti,Poverty headcount ratio at national poverty lines (% of population),Total,All age ranges or no breakdown by age,Total,Percentage of population,Not Applicable,Not Applicable,Not Applicable,Not Applicable,Ratio,Two,World Development Indicators (WDI),Annual,Units,Normal value,Public,,,59.6,,,,,,,,,,,,,48.0,77.0,,,,,,,,,,,58.5,,,,,,,,,,,,,
datastructure,WB.DATA360:DS_DATA360(1.3),I,A,AGO,WB_WDI_SI_POV_NAHC,_T,_T,_T,PT_POP,_Z,_Z,_Z,_Z,RATIO,2,WB_WDI,P1Y,0,A,PU,Annual,Angola,Poverty headcount ratio at national poverty lines (% of population),Total,All age ranges or no breakdown by age,Total,Percentage of population,Not Applicable,Not Applicable,Not Applicable,Not Applicable,Ratio,Two,World Development Indicators (WDI),Annual,Units,Normal value,Public,,,,,,,,,,,,,,,,,,,,,,,,,,,,,,,,,,32.3,,,,,,,
datastructure,WB.DATA360:DS_DATA360(1.3),I,A,IND,WB_WDI_SI_POV_NAHC,_T,_T,_T,PT_POP,_Z,_Z,_Z,_Z,RATIO,2,WB_WDI,P1Y,0,A,PU,Annual,India,Poverty headcount ratio at national poverty lines (% of population),Total,All age ranges or no breakdown by age,Total,Percentage of population,Not Applicable,Not Applicable,Not Applicable,Not Applicable,Ratio,Two,World Development Indicators (WDI),Annual,Units,Normal value,Public,,,,,,,,,45.3,,,,,,,,,,,37.2,,,,,29.8,,21.9,,,,,,,,,,,,,,
datastructure,WB.DATA360:DS_DATA360(1.3),I,A,BDI,WB_WDI_SI_POV_NAHC,_T,_T,_T,PT_POP,_Z,_Z,_Z,_Z,RATIO,2,WB_WDI,P1Y,0,A,PU,Annual,Burundi,Poverty headcount ratio at national poverty lines (% of population),Total,All age ranges or no breakdown by age,Total,Percentage of population,Not Applicable,Not Applicable,Not Applicable,Not Applicable,Ratio,Two,World Development Indicators (WDI),Annual,Units,Normal value,Public,,,,,,,,,,,,,,,,,,,,,,,,,,,,,,,,,,,,51.0,,,,,
datastructure,WB.DATA360:DS_DATA360(1.3),I,A,ARM,WB_WDI_SI_POV_NAHC,_T,_T,_T,PT_POP,_Z,_Z,_Z,_Z,RATIO,2,WB_WDI,P1Y,0,A,PU,Annual,Armenia,Poverty headcount ratio at national poverty lines (% of population),Total,All age ranges or no breakdown by age,Total,Percentage of population,Not Applicable,Not Applicable,Not Applicable,Not Applicable,Ratio,Two,World Development Indicators (WDI),Annual,Units,Normal value,Public,,,,,,,,,,,,,,,,,,,,53.5,40.1,30.2,26.4,27.6,34.1,35.8,35.0,32.4,32.0,30.0,29.8,29.4,25.7,23.5,26.4,27.0,26.5,,,21.7,
datastructure,WB.DATA360:DS_DATA360(1.3),I,A,MDG,WB_WDI_SI_POV_NAHC,_T,_T,_T,PT_POP,_Z,_Z,_Z,_Z,RATIO,2,WB_WDI,P1Y,0,A,PU,Annual,Madagascar,Poverty headcount ratio at national poverty lines (% of population),Total,All age ranges or no breakdown by age,Total,Percentage of population,Not Applicable,Not Applicable,Not Applicable,Not Applicable,Ratio,Two,World Development Indicators (WDI),Annual,Units,Normal value,Public,,,,,,,,,,,,,,,,,,,,,,,,,,,,,,,,,,,,,75.2,,,,
datastructure,WB.DATA360:DS_DATA360(1.3),I,A,MYS,WB_WDI_SI_POV_NAHC,_T,_T,_T,PT_POP,_Z,_Z,_Z,_Z,RATIO,2,WB_WDI,P1Y,0,A,PU,Annual,Malaysia,Poverty headcount ratio at national poverty lines (% of population),Total,All age ranges or no breakdown by age,Total,Percentage of population,Not Applicable,Not Applicable,Not Applicable,Not Applicable,Ratio,Two,World Development Indicators (WDI),Annual,Units,Normal value,Public,,,,,,,,,,,,,,,,,,,,,,,,,,,,,,,,,,,8.4,,6.2,,5.1,,
datastructure,WB.DATA360:DS_DATA360(1.3),I,A,ROU,WB_WDI_SI_POV_NAHC,_T,_T,_T,PT_POP,_Z,_Z,_Z,_Z,RATIO,2,WB_WDI,P1Y,0,A,PU,Annual,Romania,Poverty headcount ratio at national poverty lines (% of population),Total,All age ranges or no breakdown by age,Total,Percentage of population,Not Applicable,Not Applicable,Not Applicable,Not Applicable,Ratio,Two,World Development Indicators (WDI),Annual,Units,Normal value,Public,,,,,,,,,,,,,,,,,,,,,,24.6,23.6,22.1,21.6,22.3,22.9,23.0,25.1,25.4,25.3,23.6,23.5,23.8,23.4,22.5,21.2,21.1,19.0,,
datastructure,WB.DATA360:DS_DATA360(1.3),I,A,HRV,WB_WDI_SI_POV_NAHC,_T,_T,_T,PT_POP,_Z,_Z,_Z,_Z,RATIO,2,WB_WDI,P1Y,0,A,PU,Annual,Croatia,Poverty headcount ratio at national poverty lines (% of population),Total,All age ranges or no breakdown by age,Total,Percentage of population,Not Applicable,Not Applicable,Not Applicable,Not Applicable,Ratio,Two,World Development Indicators (WDI),Annual,Units,Normal value,Public,,,,,,,,,,,,,,,,,,,,,,,,,,,,,,,,,,,,,,,20.3,20.3,
datastructure,WB.DATA360:DS_DATA360(1.3),I,A,MDA,WB_WDI_SI_POV_NAHC,_T,_T,_T,PT_POP,_Z,_Z,_Z,_Z,RATIO,2,WB_WDI,P1Y,0,A,PU,Annual,Moldova,Poverty headcount ratio at national poverty lines (% of population),Total,All age ranges or no breakdown by age,Total,Percentage of population,Not Applicable,Not Applicable,Not Applicable,Not Applicable,Ratio,Two,World Development Indicators (WDI),Annual,Units,Normal value,Public,,,,,,,,,,,,,,,,,,,,,,,,,,,,,,,,,,,25.2,26.8,24.5,31.1,31.6,,
datastructure,WB.DATA360:DS_DATA360(1.3),I,A,WSM,WB_WDI_SI_POV_NAHC,_T,_T,_T,PT_POP,_Z,_Z,_Z,_Z,RATIO,2,WB_WDI,P1Y,0,A,PU,Annual,Samoa,Poverty headcount ratio at national poverty lines (% of population),Total,All age ranges or no breakdown by age,Total,Percentage of population,Not Applicable,Not Applicable,Not Applicable,Not Applicable,Ratio,Two,World Development Indicators (WDI),Annual,Units,Normal value,Public,,,,,,,,,,,,,,,,,,22.9,,,,,,26.9,,,,,18.8,,,,,21.9,,,,,,,
datastructure,WB.DATA360:DS_DATA360(1.3),I,A,TON,WB_WDI_SI_POV_NAHC,_T,_T,_T,PT_POP,_Z,_Z,_Z,_Z,RATIO,2,WB_WDI,P1Y,0,A,PU,Annual,Tonga,Poverty headcount ratio at national poverty lines (% of population),Total,All age ranges or no breakdown by age,Total,Percentage of population,Not Applicable,Not Applicable,Not Applicable,Not Applicable,Ratio,Two,World Development Indicators (WDI),Annual,Units,Normal value,Public,,,,,,,,,,,,,,,,,,,,,,,,,,,,,,,,,,,,,20.6,,,,
datastructure,WB.DATA360:DS_DATA360(1.3),I,A,BLR,WB_WDI_SI_POV_NAHC,_T,_T,_T,PT_POP,_Z,_Z,_Z,_Z,RATIO,2,WB_WDI,P1Y,0,A,PU,Annual,Belarus,Poverty headcount ratio at national poverty lines (% of population),Total,All age ranges or no breakdown by age,Total,Percentage of population,Not Applicable,Not Applicable,Not Applicable,Not Applicable,Ratio,Two,World Development Indicators (WDI),Annual,Units,Normal value,Public,,,,,,,,,,,,38.6,32.1,33.0,46.7,41.9,28.9,30.5,27.1,17.8,12.7,11.1,7.7,6.1,5.4,5.2,7.3,6.3,5.5,4.8,5.1,5.7,5.9,5.6,5.0,4.8,4.1,3.9,3.6,3.5,
datastructure,WB.DATA360:DS_DATA360(1.3),I,A,UGA,WB_WDI_SI_POV_NAHC,_T,_T,_T,PT_POP,_Z,_Z,_Z,_Z,RATIO,2,WB_WDI,P1Y,0,A,PU,Annual,Uganda,Poverty headcount ratio at national poverty lines (% of population),Total,All age ranges or no breakdown by age,Total,Percentage of population,Not Applicable,Not Applicable,Not Applicable,Not Applicable,Ratio,Two,World Development Indicators (WDI),Annual,Units,Normal value,Public,,,,,,,,56.4,,,,44.4,,,33.8,,,38.8,,,31.1,,,,24.5,,,19.7,,,,21.4,,,20.3,,,,16.1,,
datastructure,WB.DATA360:DS_DATA360(1.3),I,A,DJI,WB_WDI_SI_POV_NAHC,_T,_T,_T,PT_POP,_Z,_Z,_Z,_Z,RATIO,2,WB_WDI,P1Y,0,A,PU,Annual,Djibouti,Poverty headcount ratio at national poverty lines (% of population),Total,All age ranges or no breakdown by age,Total,Percentage of population,Not Applicable,Not Applicable,Not Applicable,Not Applicable,Ratio,Two,World Development Indicators (WDI),Annual,Units,Normal value,Public,,,,,,,,,,,,,,,,,,,,,,,,,,,,,,,,,21.1,,,,,,,,
datastructure,WB.DATA360:DS_DATA360(1.3),I,A,FRA,WB_WDI_SI_POV_NAHC,_T,_T,_T,PT_POP,_Z,_Z,_Z,_Z,RATIO,2,WB_WDI,P1Y,0,A,PU,Annual,France,Poverty headcount ratio at national poverty lines (% of population),Total,All age ranges or no breakdown by age,Total,Percentage of population,Not Applicable,Not Applicable,Not Applicable,Not Applicable,Ratio,Two,World Development Indicators (WDI),Annual,Units,Normal value,Public,,,,,,,,,,,,,,,,,,,,,,,,,,,,,,,,,,,,,15.6,,,,
datastructure,WB.DATA360:DS_DATA360(1.3),I,A,CHE,WB_WDI_SI_POV_NAHC,_T,_T,_T,PT_POP,_Z,_Z,_Z,_Z,RATIO,2,WB_WDI,P1Y,0,A,PU,Annual,Switzerland,Poverty headcount ratio at national poverty lines (% of population),Total,All age ranges or no breakdown by age,Total,Percentage of population,Not Applicable,Not Applicable,Not Applicable,Not Applicable,Ratio,Two,World Development Indicators (WDI),Annual,Units,Normal value,Public,,,,,,,,,,,,,,,,,,,,,,15.0,15.7,15.6,15.0,15.0,15.9,14.5,13.8,15.6,14.7,15.5,14.6,16.0,15.5,14.7,15.8,,,,
datastructure,WB.DATA360:DS_DATA360(1.3),I,A,MEX,WB_WDI_SI_POV_NAHC,_T,_T,_T,PT_POP,_Z,_Z,_Z,_Z,RATIO,2,WB_WDI,P1Y,0,A,PU,Annual,Mexico,Poverty headcount ratio at national poverty lines (% of population),Total,All age ranges or no breakdown by age,Total,Percentage of population,Not Applicable,Not Applicable,Not Applicable,Not Applicable,Ratio,Two,World Development Indicators (WDI),Annual,Units,Normal value,Public,,,,,,,,,,,,,,,,,,,,,,,,,,,,,,,,43.2,,41.9,,43.9,,36.3,,29.6,
datastructure,WB.DATA360:DS_DATA360(1.3),I,A,NER,WB_WDI_SI_POV_NAHC,_T,_T,_T,PT_POP,_Z,_Z,_Z,_Z,RATIO,2,WB_WDI,P1Y,0,A,PU,Annual,Niger,Poverty headcount ratio at national poverty lines (% of population),Total,All age ranges or no breakdown by age,Total,Percentage of population,Not Applicable,Not Applicable,Not Applicable,Not Applicable,Ratio,Two,World Development Indicators (WDI),Annual,Units,Normal value,Public,,,,,,,,,,,,,,,,,,,,,,,,,,,,,,,,,,40.8,,,41.2,,,,
datastructure,WB.DATA360:DS_DATA360(1.3),I,A,BGD,WB_WDI_SI_POV_NAHC,_T,_T,_T,PT_POP,_Z,_Z,_Z,_Z,RATIO,2,WB_WDI,P1Y,0,A,PU,Annual,Bangladesh,Poverty headcount ratio at national poverty lines (% of population),Total,All age ranges or no breakdown by age,Total,Percentage of population,Not Applicable,Not Applicable,Not Applicable,Not Applicable,Ratio,Two,World Development Indicators (WDI),Annual,Units,Normal value,Public,,,,,,,,,,,,,,,,,,,,,,,,,,,,,,,,,,,,,,18.7,,,
datastructure,WB.DATA360:DS_DATA360(1.3),I,A,MDV,WB_WDI_SI_POV_NAHC,_T,_T,_T,PT_POP,_Z,_Z,_Z,_Z,RATIO,2,WB_WDI,P1Y,0,A,PU,Annual,Maldives,Poverty headcount ratio at national poverty lines (% of population),Total,All age ranges or no breakdown by age,Total,Percentage of population,Not Applicable,Not Applicable,Not Applicable,Not Applicable,Ratio,Two,World Development Indicators (WDI),Annual,Units,Normal value,Public,,,,,,,,,,,,,,,,,,,,,,,,,,,,,,,,,,,5.4,,,,,,
datastructure,WB.DATA360:DS_DATA360(1.3),I,A,NLD,WB_WDI_SI_POV_NAHC,_T,_T,_T,PT_POP,_Z,_Z,_Z,_Z,RATIO,2,WB_WDI,P1Y,0,A,PU,Annual,Netherlands,Poverty headcount ratio at national poverty lines (% of population),Total,All age ranges or no breakdown by age,Total,Percentage of population,Not Applicable,Not Applicable,Not Applicable,Not Applicable,Ratio,Two,World Development Indicators (WDI),Annual,Units,Normal value,Public,,,,,,,,,,,,,,,,,,,,,,,,,,,,,,,12.7,13.2,13.3,13.2,13.4,14.4,14.5,,,,
datastructure,WB.DATA360:DS_DATA360(1.3),I,A,SLV,WB_WDI_SI_POV_NAHC,_T,_T,_T,PT_POP,_Z,_Z,_Z,_Z,RATIO,2,WB_WDI,P1Y,0,A,PU,Annual,El Salvador,Poverty headcount ratio at national poverty lines (% of population),Total,All age ranges or no breakdown by age,Total,Percentage of population,Not Applicable,Not Applicable,Not Applicable,Not Applicable,Ratio,Two,World Development Indicators (WDI),Annual,Units,Normal value,Public,,,,,,,,,,,,,,,,,,,,,,,,,,,,,,,,,,,,26.2,24.6,26.6,27.2,,
datastructure,WB.DATA360:DS_DATA360(1.3),I,A,HUN,WB_WDI_SI_POV_NAHC,_T,_T,_T,PT_POP,_Z,_Z,_Z,_Z,RATIO,2,WB_WDI,P1Y,0,A,PU,Annual,Hungary,Poverty headcount ratio at national poverty lines (% of population),Total,All age ranges or no breakdown by age,Total,Percentage of population,Not Applicable,Not Applicable,Not Applicable,Not Applicable,Ratio,Two,World Development Indicators (WDI),Annual,Units,Normal value,Public,,,,,,,,,,,,,,,,,,,,13.5,15.9,12.3,12.4,12.4,12.3,14.1,14.3,15.0,15.0,14.9,14.5,13.4,12.8,12.3,12.3,12.6,12.1,,,,
datastructure,WB.DATA360:DS_DATA360(1.3),I,A,ZWE,WB_WDI_SI_POV_NAHC,_T,_T,_T,PT_POP,_Z,_Z,_Z,_Z,RATIO,2,WB_WDI,P1Y,0,A,PU,Annual,Zimbabwe,Poverty headcount ratio at national poverty lines (% of population),Total,All age ranges or no breakdown by age,Total,Percentage of population,Not Applicable,Not Applicable,Not Applicable,Not Applicable,Ratio,Two,World Development Indicators (WDI),Annual,Units,Normal value,Public,,,,,,,,,,,,,,,,,32.2,,,,,,,,,,22.5,,,,,,30.4,,38.3,,,,,,
datastructure,WB.DATA360:DS_DATA360(1.3),I,A,AUT,WB_WDI_SI_POV_NAHC,_T,_T,_T,PT_POP,_Z,_Z,_Z,_Z,RATIO,2,WB_WDI,P1Y,0,A,PU,Annual,Austria,Poverty headcount ratio at national poverty lines (% of population),Total,All age ranges or no breakdown by age,Total,Percentage of population,Not Applicable,Not Applicable,Not Applicable,Not Applicable,Ratio,Two,World Development Indicators (WDI),Annual,Units,Normal value,Public,,,,,,,,,,,,,,,,,,13.2,13.0,12.6,12.6,12.0,15.2,14.5,14.7,14.5,14.4,14.4,14.1,13.9,14.1,14.4,14.3,13.3,13.9,14.7,14.8,,,,
datastructure,WB.DATA360:DS_DATA360(1.3),I,A,VNM,WB_WDI_SI_POV_NAHC,_T,_T,_T,PT_POP,_Z,_Z,_Z,_Z,RATIO,2,WB_WDI,P1Y,0,A,PU,Annual,Vietnam,Poverty headcount ratio at national poverty lines (% of population),Total,All age ranges or no breakdown by age,Total,Percentage of population,Not Applicable,Not Applicable,Not Applicable,Not Applicable,Ratio,Two,World Development Indicators (WDI),Annual,Units,Normal value,Public,,,,,,,,58.1,,,,,37.4,,,,,28.9,,19.5,,16.0,,14.5,,20.7,,17.2,,13.5,,9.2,7.9,6.8,5.7,4.8,4.4,4.2,,,
datastructure,WB.DATA360:DS_DATA360(1.3),I,A,IRL,WB_WDI_SI_POV_NAHC,_T,_T,_T,PT_POP,_Z,_Z,_Z,_Z,RATIO,2,WB_WDI,P1Y,0,A,PU,Annual,Ireland,Poverty headcount ratio at national poverty lines (% of population),Total,All age ranges or no breakdown by age,Total,Percentage of population,Not Applicable,Not Applicable,Not Applicable,Not Applicable,Ratio,Two,World Development Indicators (WDI),Annual,Units,Normal value,Public,,,,,,,,,,,,,,,,,,,,,,,,,,,,,,,,,,,13.8,12.9,14.0,,,,
datastructure,WB.DATA360:DS_DATA360(1.3),I,A,SYC,WB_WDI_SI_POV_NAHC,_T,_T,_T,PT_POP,_Z,_Z,_Z,_Z,RATIO,2,WB_WDI,P1Y,0,A,PU,Annual,Seychelles,Poverty headcount ratio at national poverty lines (% of population),Total,All age ranges or no breakdown by age,Total,Percentage of population,Not Applicable,Not Applicable,Not Applicable,Not Applicable,Ratio,Two,World Development Indicators (WDI),Annual,Units,Normal value,Public,,,,,,,,,,,,,,,,,,,,,,,,,,,,,39.3,,,,,25.3,,,,,,,
datastructure,WB.DATA360:DS_DATA360(1.3),I,A,GMB,WB_WDI_SI_POV_NAHC,_T,_T,_T,PT_POP,_Z,_Z,_Z,_Z,RATIO,2,WB_WDI,P1Y,0,A,PU,Annual,"Gambia, The",Poverty headcount ratio at national poverty lines (% of population),Total,All age ranges or no breakdown by age,Total,Percentage of population,Not Applicable,Not Applicable,Not Applicable,Not Applicable,Ratio,Two,World Development Indicators (WDI),Annual,Units,Normal value,Public,,,,,,,,,,,,,,,,,,,,,,,,,,48.1,,,,,48.6,,,,,53.4,,,,,
datastructure,WB.DATA360:DS_DATA360(1.3),I,A,SDN,WB_WDI_SI_POV_NAHC,_T,_T,_T,PT_POP,_Z,_Z,_Z,_Z,RATIO,2,WB_WDI,P1Y,0,A,PU,Annual,Sudan,Poverty headcount ratio at national poverty lines (% of population),Total,All age ranges or no breakdown by age,Total,Percentage of population,Not Applicable,Not Applicable,Not Applicable,Not Applicable,Ratio,Two,World Development Indicators (WDI),Annual,Units,Normal value,Public,,,,,,,,,,,,,,,,,,,,,,,,,46.5,,,,,,,,,,,,,,,,
datastructure,WB.DATA360:DS_DATA360(1.3),I,A,GRD,WB_WDI_SI_POV_NAHC,_T,_T,_T,PT_POP,_Z,_Z,_Z,_Z,RATIO,2,WB_WDI,P1Y,0,A,PU,Annual,Grenada,Poverty headcount ratio at national poverty lines (% of population),Total,All age ranges or no breakdown by age,Total,Percentage of population,Not Applicable,Not Applicable,Not Applicable,Not Applicable,Ratio,Two,World Development Indicators (WDI),Annual,Units,Normal value,Public,,,,,,,,,,,,,,,,,,,,,,,,,,,,,,,,,,25.0,,,,,,,
datastructure,WB.DATA360:DS_DATA360(1.3),I,A,SLB,WB_WDI_SI_POV_NAHC,_T,_T,_T,PT_POP,_Z,_Z,_Z,_Z,RATIO,2,WB_WDI,P1Y,0,A,PU,Annual,Solomon Islands,Poverty headcount ratio at national poverty lines (% of population),Total,All age ranges or no breakdown by age,Total,Percentage of population,Not Applicable,Not Applicable,Not Applicable,Not Applicable,Ratio,Two,World Development Indicators (WDI),Annual,Units,Normal value,Public,,,,,,,,,,,,,,,,,,,,,,,,,,,,12.7,,,,,,,,,,,,,
datastructure,WB.DATA360:DS_DATA360(1.3),I,A,CHN,WB_WDI_SI_POV_NAHC,_T,_T,_T,PT_POP,_Z,_Z,_Z,_Z,RATIO,2,WB_WDI,P1Y,0,A,PU,Annual,China,Poverty headcount ratio at national poverty lines (% of population),Total,All age ranges or no breakdown by age,Total,Percentage of population,Not Applicable,Not Applicable,Not Applicable,Not Applicable,Ratio,Two,World Development Indicators (WDI),Annual,Units,Normal value,Public,,,,,,,,,,,,,,,,49.8,,,,,30.2,,,,,17.2,12.7,10.2,8.5,7.2,5.7,4.5,3.1,1.7,0.6,0.0,,,,,
datastructure,WB.DATA360:DS_DATA360(1.3),I,A,ECU,WB_WDI_SI_POV_NAHC,_T,_T,_T,PT_POP,_Z,_Z,_Z,_Z,RATIO,2,WB_WDI,P1Y,0,A,PU,Annual,Ecuador,Poverty headcount ratio at national poverty lines (% of population),Total,All age ranges or no breakdown by age,Total,Percentage of population,Not Applicable,Not Applicable,Not Applicable,Not Applicable,Ratio,Two,World Development Indicators (WDI),Annual,Units,Normal value,Public,,,,,,,,,,,,,,,,64.4,54.9,,49.9,44.6,42.2,37.6,36.7,35.1,36.0,32.8,28.6,27.3,25.6,22.5,23.3,22.9,21.5,23.2,25.0,33.0,27.7,25.2,26.0,28.0,21.4
datastructure,WB.DATA360:DS_DATA360(1.3),I,A,FSM,WB_WDI_SI_POV_NAHC,_T,_T,_T,PT_POP,_Z,_Z,_Z,_Z,RATIO,2,WB_WDI,P1Y,0,A,PU,Annual,"Micronesia, Fed. Sts.",Poverty headcount ratio at national poverty lines (% of population),Total,All age ranges or no breakdown by age,Total,Percentage of population,Not Applicable,Not Applicable,Not Applicable,Not Applicable,Ratio,Two,World Development Indicators (WDI),Annual,Units,Normal value,Public,,,,,,,,,,,,,,,,,,,,,,,,,,,,,41.2,,,,,,,,,,,,
datastructure,WB.DATA360:DS_DATA360(1.3),I,A,ETH,WB_WDI_SI_POV_NAHC,_T,_T,_T,PT_POP,_Z,_Z,_Z,_Z,RATIO,2,WB_WDI,P1Y,0,A,PU,Annual,Ethiopia,Poverty headcount ratio at national poverty lines (% of population),Total,All age ranges or no breakdown by age,Total,Percentage of population,Not Applicable,Not Applicable,Not Applicable,Not Applicable,Ratio,Two,World Development Indicators (WDI),Annual,Units,Normal value,Public,,,,,,,,,,,45.5,,,,44.2,,,,,38.7,,,,,,29.6,,,,,23.5,,,,,,33.1,,,,
datastructure,WB.DATA360:DS_DATA360(1.3),I,A,PSE,WB_WDI_SI_POV_NAHC,_T,_T,_T,PT_POP,_Z,_Z,_Z,_Z,RATIO,2,WB_WDI,P1Y,0,A,PU,Annual,West Bank and Gaza,Poverty headcount ratio at national poverty lines (% of population),Total,All age ranges or no breakdown by age,Total,Percentage of population,Not Applicable,Not Applicable,Not Applicable,Not Applicable,Ratio,Two,World Development Indicators (WDI),Annual,Units,Normal value,Public,,,,,,,,,,,,,,,,,,,,,,,,,,25.7,25.8,,,,,29.2,,,,,,,32.8,,
datastructure,WB.DATA360:DS_DATA360(1.3),I,A,SOM,WB_WDI_SI_POV_NAHC,_T,_T,_T,PT_POP,_Z,_Z,_Z,_Z,RATIO,2,WB_WDI,P1Y,0,A,PU,Annual,"Somalia, Federal Republic of",Poverty headcount ratio at national poverty lines (% of population),Total,All age ranges or no breakdown by age,Total,Percentage of population,Not Applicable,Not Applicable,Not Applicable,Not Applicable,Ratio,Two,World Development Indicators (WDI),Annual,Units,Normal value,Public,,,,,,,,,,,,,,,,,,,,,,,,,,,,,,,,,,,,,,55.4,,,
datastructure,WB.DATA360:DS_DATA360(1.3),I,A,MHL,WB_WDI_SI_POV_NAHC,_T,_T,_T,PT_POP,_Z,_Z,_Z,_Z,RATIO,2,WB_WDI,P1Y,0,A,PU,Annual,Marshall Islands,Poverty headcount ratio at national poverty lines (% of population),Total,All age ranges or no breakdown by age,Total,Percentage of population,Not Applicable,Not Applicable,Not Applicable,Not Applicable,Ratio,Two,World Development Indicators (WDI),Annual,Units,Normal value,Public,,,,,,,,,,,,,,,,,,,,,,,,,,,,,,,,,,,7.2,,,,,,
datastructure,WB.DATA360:DS_DATA360(1.3),I,A,VEN,WB_WDI_SI_POV_NAHC,_T,_T,_T,PT_POP,_Z,_Z,_Z,_Z,RATIO,2,WB_WDI,P1Y,0,A,PU,Annual,"Venezuela, RB",Poverty headcount ratio at national poverty lines (% of population),Total,All age ranges or no breakdown by age,Total,Percentage of population,Not Applicable,Not Applicable,Not Applicable,Not Applicable,Ratio,Two,World Development Indicators (WDI),Annual,Units,Normal value,Public,,,,,,,,,,,,,55.6,49.0,42.8,41.6,31.1,41.1,54.0,53.1,42.4,33.1,27.5,27.7,26.4,26.8,27.4,27.2,29.4,29.5,33.1,,,,,,,,,,
datastructure,WB.DATA360:DS_DATA360(1.3),I,A,BTN,WB_WDI_SI_POV_NAHC,_T,_T,_T,PT_POP,_Z,_Z,_Z,_Z,RATIO,2,WB_WDI,P1Y,0,A,PU,Annual,Bhutan,Poverty headcount ratio at national poverty lines (% of population),Total,All age ranges or no breakdown by age,Total,Percentage of population,Not Applicable,Not Applicable,Not Applicable,Not Applicable,Ratio,Two,World Development Indicators (WDI),Annual,Units,Normal value,Public,,,,,,,,,,,,,,,,,,,,,,,,,,,,,,,,,,,,,,12.4,,,
datastructure,WB.DATA360:DS_DATA360(1.3),I,A,MAR,WB_WDI_SI_POV_NAHC,_T,_T,_T,PT_POP,_Z,_Z,_Z,_Z,RATIO,2,WB_WDI,P1Y,0,A,PU,Annual,Morocco,Poverty headcount ratio at national poverty lines (% of population),Total,All age ranges or no breakdown by age,Total,Percentage of population,Not Applicable,Not Applicable,Not Applicable,Not Applicable,Ratio,Two,World Development Indicators (WDI),Annual,Units,Normal value,Public,,,,,,,,,,,,,,16.3,,15.3,,,,,,8.9,,,,,,,4.8,,,,,,,,,3.9,,,
datastructure,WB.DATA360:DS_DATA360(1.3),I,A,POL,WB_WDI_SI_POV_NAHC,_T,_T,_T,PT_POP,_Z,_Z,_Z,_Z,RATIO,2,WB_WDI,P1Y,0,A,PU,Annual,Poland,Poverty headcount ratio at national poverty lines (% of population),Total,All age ranges or no breakdown by age,Total,Percentage of population,Not Applicable,Not Applicable,Not Applicable,Not Applicable,Ratio,Two,World Development Indicators (WDI),Annual,Units,Normal value,Public,,,,,,,,,,,,,,,,,,,,,,,,,,,,,,,,,,,,11.8,12.1,11.7,12.2,13.3,
datastructure,WB.DATA360:DS_DATA360(1.3),I,A,LUX,WB_WDI_SI_POV_NAHC,_T,_T,_T,PT_POP,_Z,_Z,_Z,_Z,RATIO,2,WB_WDI,P1Y,0,A,PU,Annual,Luxembourg,Poverty headcount ratio at national poverty lines (% of population),Total,All age ranges or no breakdown by age,Total,Percentage of population,Not Applicable,Not Applicable,Not Applicable,Not Applicable,Ratio,Two,World Development Indicators (WDI),Annual,Units,Normal value,Public,,,,,,,,,,,,,,,,,,,,,,,,,,,,,,,,,,,,,17.3,,,,
datastructure,WB.DATA360:DS_DATA360(1.3),I,A,NOR,WB_WDI_SI_POV_NAHC,_T,_T,_T,PT_POP,_Z,_Z,_Z,_Z,RATIO,2,WB_WDI,P1Y,0,A,PU,Annual,Norway,Poverty headcount ratio at national poverty lines (% of population),Total,All age ranges or no breakdown by age,Total,Percentage of population,Not Applicable,Not Applicable,Not Applicable,Not Applicable,Ratio,Two,World Development Indicators (WDI),Annual,Units,Normal value,Public,,,,,,,,,,,,,,,,,,,,,,,,,,,,,,,,,,,,12.6,12.2,,,,
datastructure,WB.DATA360:DS_DATA360(1.3),I,A,GAB,WB_WDI_SI_POV_NAHC,_T,_T,_T,PT_POP,_Z,_Z,_Z,_Z,RATIO,2,WB_WDI,P1Y,0,A,PU,Annual,Gabon,Poverty headcount ratio at national poverty lines (% of population),Total,All age ranges or no breakdown by age,Total,Percentage of population,Not Applicable,Not Applicable,Not Applicable,Not Applicable,Ratio,Two,World Development Indicators (WDI),Annual,Units,Normal value,Public,,,,,,,,,,,,,,,,,,,,,,,,,,,,,,,,,33.4,,,,,,,,
datastructure,WB.DATA360:DS_DATA360(1.3),I,A,PRT,WB_WDI_SI_POV_NAHC,_T,_T,_T,PT_POP,_Z,_Z,_Z,_Z,RATIO,2,WB_WDI,P1Y,0,A,PU,Annual,Portugal,Poverty headcount ratio at national poverty lines (% of population),Total,All age ranges or no breakdown by age,Total,Percentage of population,Not Applicable,Not Applicable,Not Applicable,Not Applicable,Ratio,Two,World Development Indicators (WDI),Annual,Units,Normal value,Public,,,,,,,,,,,,,,,,,,,20.4,19.4,18.5,18.1,18.5,17.9,17.9,18.0,17.9,18.7,19.5,19.5,19.0,18.3,17.3,17.2,16.2,18.4,16.4,,,,
datastructure,WB.DATA360:DS_DATA360(1.3),I,A,COL,WB_WDI_SI_POV_NAHC,_T,_T,_T,PT_POP,_Z,_Z,_Z,_Z,RATIO,2,WB_WDI,P1Y,0,A,PU,Annual,Colombia,Poverty headcount ratio at national poverty lines (% of population),Total,All age ranges or no breakdown by age,Total,Percentage of population,Not Applicable,Not Applicable,Not Applicable,Not Applicable,Ratio,Two,World Development Indicators (WDI),Annual,Units,Normal value,Public,,,,,,,,,,,,,,,,,,,,,,,,,,,,41.0,38.7,37.0,36.8,36.8,35.9,35.5,36.5,43.1,39.7,36.6,34.6,31.8,
datastructure,WB.DATA360:DS_DATA360(1.3),I,A,PAN,WB_WDI_SI_POV_NAHC,_T,_T,_T,PT_POP,_Z,_Z,_Z,_Z,RATIO,2,WB_WDI,P1Y,0,A,PU,Annual,Panama,Poverty headcount ratio at national poverty lines (% of population),Total,All age ranges or no breakdown by age,Total,Percentage of population,Not Applicable,Not Applicable,Not Applicable,Not Applicable,Ratio,Two,World Development Indicators (WDI),Annual,Units,Normal value,Public,,,,,,,,,,,,,,,,37.9,,,,,36.6,38.3,36.5,33.8,33.4,29.8,27.6,26.5,25.8,25.6,23.0,22.1,20.7,21.4,21.5,,21.8,22.2,21.7,,
datastructure,WB.DATA360:DS_DATA360(1.3),I,A,BEN,WB_WDI_SI_POV_NAHC,_T,_T,_T,PT_POP,_Z,_Z,_Z,_Z,RATIO,2,WB_WDI,P1Y,0,A,PU,Annual,Benin,Poverty headcount ratio at national poverty lines (% of population),Total,All age ranges or no breakdown by age,Total,Percentage of population,Not Applicable,Not Applicable,Not Applicable,Not Applicable,Ratio,Two,World Development Indicators (WDI),Annual,Units,Normal value,Public,,,,,,,,,,,,,,,,,,,,,,,,,,,,,,,,,,38.5,,,36.2,,,,
datastructure,WB.DATA360:DS_DATA360(1.3),I,A,KAZ,WB_WDI_SI_POV_NAHC,_T,_T,_T,PT_POP,_Z,_Z,_Z,_Z,RATIO,2,WB_WDI,P1Y,0,A,PU,Annual,Kazakhstan,Poverty headcount ratio at national poverty lines (% of population),Total,All age ranges or no breakdown by age,Total,Percentage of population,Not Applicable,Not Applicable,Not Applicable,Not Applicable,Ratio,Two,World Development Indicators (WDI),Annual,Units,Normal value,Public,,,,,,,,,,,,,,,,,,,,,,,,,,,,,,,,,,4.3,4.3,5.3,5.2,5.2,5.2,5.0,
datastructure,WB.DATA360:DS_DATA360(1.3),I,A,CAF,WB_WDI_SI_POV_NAHC,_T,_T,_T,PT_POP,_Z,_Z,_Z,_Z,RATIO,2,WB_WDI,P1Y,0,A,PU,Annual,Central African Republic,Poverty headcount ratio at national poverty lines (% of population),Total,All age ranges or no breakdown by age,Total,Percentage of population,Not Applicable,Not Applicable,Not Applicable,Not Applicable,Ratio,Two,World Development Indicators (WDI),Annual,Units,Normal value,Public,,,,,,,,,,,,,,,,,,,,,,,,,,,,,,,,,,,,,68.8,,,,
datastructure,WB.DATA360:DS_DATA360(1.3),I,A,PLW,WB_WDI_SI_POV_NAHC,_T,_T,_T,PT_POP,_Z,_Z,_Z,_Z,RATIO,2,WB_WDI,P1Y,0,A,PU,Annual,Palau,Poverty headcount ratio at national poverty lines (% of population),Total,All age ranges or no breakdown by age,Total,Percentage of population,Not Applicable,Not Applicable,Not Applicable,Not Applicable,Ratio,Two,World Development Indicators (WDI),Annual,Units,Normal value,Public,,,,,,,,,,,,,,,,,,,,,,24.9,,,,,,,,,,,,,,,,,,,
datastructure,WB.DATA360:DS_DATA360(1.3),I,A,KEN,WB_WDI_SI_POV_NAHC,_T,_T,_T,PT_POP,_Z,_Z,_Z,_Z,RATIO,2,WB_WDI,P1Y,0,A,PU,Annual,Kenya,Poverty headcount ratio at national poverty lines (% of population),Total,All age ranges or no breakdown by age,Total,Percentage of population,Not Applicable,Not Applicable,Not Applicable,Not Applicable,Ratio,Two,World Development Indicators (WDI),Annual,Units,Normal value,Public,,,,,,,,57.2,,40.3,,,52.3,,,,,,,,46.8,,,,,,,,,,36.1,,,,,42.9,38.6,39.8,,,
datastructure,WB.DATA360:DS_DATA360(1.3),I,A,THA,WB_WDI_SI_POV_NAHC,_T,_T,_T,PT_POP,_Z,_Z,_Z,_Z,RATIO,2,WB_WDI,P1Y,0,A,PU,Annual,Thailand,Poverty headcount ratio at national poverty lines (% of population),Total,All age ranges or no breakdown by age,Total,Percentage of population,Not Applicable,Not Applicable,Not Applicable,Not Applicable,Ratio,Two,World Development Indicators (WDI),Annual,Units,Normal value,Public,,,,65.2,,58.0,,50.0,,42.5,,35.4,,38.6,,42.3,,32.4,,26.8,,21.9,20.0,20.4,17.9,16.4,13.2,12.6,10.9,10.5,7.2,8.6,7.9,9.9,6.2,6.8,6.3,5.4,,,
datastructure,WB.DATA360:DS_DATA360(1.3),I,A,SVN,WB_WDI_SI_POV_NAHC,_T,_T,_T,PT_POP,_Z,_Z,_Z,_Z,RATIO,2,WB_WDI,P1Y,0,A,PU,Annual,Slovenia,Poverty headcount ratio at national poverty lines (% of population),Total,All age ranges or no breakdown by age,Total,Percentage of population,Not Applicable,Not Applicable,Not Applicable,Not Applicable,Ratio,Two,World Development Indicators (WDI),Annual,Units,Normal value,Public,,,,,,,,,,,,,,,,,,,,12.2,11.6,11.5,12.3,11.3,12.7,13.6,13.5,14.5,14.5,14.3,13.9,13.3,13.3,12.0,12.4,11.7,12.1,12.7,,,
datastructure,WB.DATA360:DS_DATA360(1.3),I,A,BGR,WB_WDI_SI_POV_NAHC,_T,_T,_T,PT_POP,_Z,_Z,_Z,_Z,RATIO,2,WB_WDI,P1Y,0,A,PU,Annual,Bulgaria,Poverty headcount ratio at national poverty lines (% of population),Total,All age ranges or no breakdown by age,Total,Percentage of population,Not Applicable,Not Applicable,Not Applicable,Not Applicable,Ratio,Two,World Development Indicators (WDI),Annual,Units,Normal value,Public,,,,,,,,,,,,,,,,,,,,,,,,,,,,,,,22.9,23.4,22.0,22.6,23.8,22.1,22.9,20.6,21.7,,
datastructure,WB.DATA360:DS_DATA360(1.3),I,A,AZE,WB_WDI_SI_POV_NAHC,_T,_T,_T,PT_POP,_Z,_Z,_Z,_Z,RATIO,2,WB_WDI,P1Y,0,A,PU,Annual,Azerbaijan,Poverty headcount ratio at national poverty lines (% of population),Total,All age ranges or no breakdown by age,Total,Percentage of population,Not Applicable,Not Applicable,Not Applicable,Not Applicable,Ratio,Two,World Development Indicators (WDI),Annual,Units,Normal value,Public,,,,,,,,,,,,,,,,,49.6,,,,,,15.8,13.2,10.9,9.1,7.6,6.0,,,,,,,,,,,,,
datastructure,WB.DATA360:DS_DATA360(1.3),I,A,KIR,WB_WDI_SI_POV_NAHC,_T,_T,_T,PT_POP,_Z,_Z,_Z,_Z,RATIO,2,WB_WDI,P1Y,0,A,PU,Annual,Kiribati,Poverty headcount ratio at national poverty lines (% of population),Total,All age ranges or no breakdown by age,Total,Percentage of population,Not Applicable,Not Applicable,Not Applicable,Not Applicable,Ratio,Two,World Development Indicators (WDI),Annual,Units,Normal value,Public,,,,,,,,,,,,,,,,,,,,,,,,,,,,,,,,,,,21.9,,,,5.5,,
datastructure,WB.DATA360:DS_DATA360(1.3),I,A,MLI,WB_WDI_SI_POV_NAHC,_T,_T,_T,PT_POP,_Z,_Z,_Z,_Z,RATIO,2,WB_WDI,P1Y,0,A,PU,Annual,Mali,Poverty headcount ratio at national poverty lines (% of population),Total,All age ranges or no breakdown by age,Total,Percentage of population,Not Applicable,Not Applicable,Not Applicable,Not Applicable,Ratio,Two,World Development Indicators (WDI),Annual,Units,Normal value,Public,,,,,,,,,,,,,,,,,,,,,,,,,,,,,,,,,,42.1,,,45.5,,,,
datastructure,WB.DATA360:DS_DATA360(1.3),I,A,XKX,WB_WDI_SI_POV_NAHC,_T,_T,_T,PT_POP,_Z,_Z,_Z,_Z,RATIO,2,WB_WDI,P1Y,0,A,PU,Annual,Kosovo,Poverty headcount ratio at national poverty lines (% of population),Total,All age ranges or no breakdown by age,Total,Percentage of population,Not Applicable,Not Applicable,Not Applicable,Not Applicable,Ratio,Two,World Development Indicators (WDI),Annual,Units,Normal value,Public,,,,,,,,,,,,,,,,,,,,,,,,,,,,22.9,17.6,21.1,17.6,,,,,,,,,,
datastructure,WB.DATA360:DS_DATA360(1.3),I,A,MMR,WB_WDI_SI_POV_NAHC,_T,_T,_T,PT_POP,_Z,_Z,_Z,_Z,RATIO,2,WB_WDI,P1Y,0,A,PU,Annual,Myanmar,Poverty headcount ratio at national poverty lines (% of population),Total,All age ranges or no breakdown by age,Total,Percentage of population,Not Applicable,Not Applicable,Not Applicable,Not Applicable,Ratio,Two,World Development Indicators (WDI),Annual,Units,Normal value,Public,,,,,,,,,,,,,,,,,,,,,48.2,,,,,42.2,,,,,32.1,,24.8,,,,,,,,
datastructure,WB.DATA360:DS_DATA360(1.3),I,A,FJI,WB_WDI_SI_POV_NAHC,_T,_T,_T,PT_POP,_Z,_Z,_Z,_Z,RATIO,2,WB_WDI,P1Y,0,A,PU,Annual,Fiji,Poverty headcount ratio at national poverty lines (% of population),Total,All age ranges or no breakdown by age,Total,Percentage of population,Not Applicable,Not Applicable,Not Applicable,Not Applicable,Ratio,Two,World Development Indicators (WDI),Annual,Units,Normal value,Public,,,,,,,,,,,,,,,,,,,,,,,,,,,,,,,,,,,24.1,,,,,,
datastructure,WB.DATA360:DS_DATA360(1.3),I,A,IDN,WB_WDI_SI_POV_NAHC,_T,_T,_T,PT_POP,_Z,_Z,_Z,_Z,RATIO,2,WB_WDI,P1Y,0,A,PU,Annual,Indonesia,Poverty headcount ratio at national poverty lines (% of population),Total,All age ranges or no breakdown by age,Total,Percentage of population,Not Applicable,Not Applicable,Not Applicable,Not Applicable,Ratio,Two,World Development Indicators (WDI),Annual,Units,Normal value,Public,,,,,,,,,,,,17.5,,,23.4,19.1,18.4,18.2,17.4,16.7,16.0,17.8,16.6,15.4,14.1,13.3,12.5,12.0,11.4,11.3,11.2,10.9,10.6,9.8,9.4,9.8,10.1,9.5,9.4,9.0,
datastructure,WB.DATA360:DS_DATA360(1.3),I,A,SUR,WB_WDI_SI_POV_NAHC,_T,_T,_T,PT_POP,_Z,_Z,_Z,_Z,RATIO,2,WB_WDI,P1Y,0,A,PU,Annual,Suriname,Poverty headcount ratio at national poverty lines (% of population),Total,All age ranges or no breakdown by age,Total,Percentage of population,Not Applicable,Not Applicable,Not Applicable,Not Applicable,Ratio,Two,World Development Indicators (WDI),Annual,Units,Normal value,Public,,,,,,,,,,,,,,,,,,,,,,,,,,,,,,,,,,,,,,17.6,,,
datastructure,WB.DATA360:DS_DATA360(1.3),I,A,VUT,WB_WDI_SI_POV_NAHC,_T,_T,_T,PT_POP,_Z,_Z,_Z,_Z,RATIO,2,WB_WDI,P1Y,0,A,PU,Annual,Vanuatu,Poverty headcount ratio at national poverty lines (% of population),Total,All age ranges or no breakdown by age,Total,Percentage of population,Not Applicable,Not Applicable,Not Applicable,Not Applicable,Ratio,Two,World Development Indicators (WDI),Annual,Units,Normal value,Public,,,,,,,,,,,,,,,,,,,,,,,,,,,,,,,,,,,15.9,,,,,,
datastructure,WB.DATA360:DS_DATA360(1.3),I,A,MNG,WB_WDI_SI_POV_NAHC,_T,_T,_T,PT_POP,_Z,_Z,_Z,_Z,RATIO,2,WB_WDI,P1Y,0,A,PU,Annual,Mongolia,Poverty headcount ratio at national poverty lines (% of population),Total,All age ranges or no breakdown by age,Total,Percentage of population,Not Applicable,Not Applicable,Not Applicable,Not Applicable,Ratio,Two,World Development Indicators (WDI),Annual,Units,Normal value,Public,,,,,,,,,,,,,,,,,,,,,,,,,,,,,,,,,,,,,,27.1,,,
datastructure,WB.DATA360:DS_DATA360(1.3),I,A,DNK,WB_WDI_SI_POV_NAHC,_T,_T,_T,PT_POP,_Z,_Z,_Z,_Z,RATIO,2,WB_WDI,P1Y,0,A,PU,Annual,Denmark,Poverty headcount ratio at national poverty lines (% of population),Total,All age ranges or no breakdown by age,Total,Percentage of population,Not Applicable,Not Applicable,Not Applicable,Not Applicable,Ratio,Two,World Development Indicators (WDI),Annual,Units,Normal value,Public,,,,,,,,,,,,,,,,,,,,,,,,,,,,,,,,,,,12.1,12.3,12.4,,,,
datastructure,WB.DATA360:DS_DATA360(1.3),I,A,CIV,WB_WDI_SI_POV_NAHC,_T,_T,_T,PT_POP,_Z,_Z,_Z,_Z,RATIO,2,WB_WDI,P1Y,0,A,PU,Annual,Côte d’Ivoire,Poverty headcount ratio at national poverty lines (% of population),Total,All age ranges or no breakdown by age,Total,Percentage of population,Not Applicable,Not Applicable,Not Applicable,Not Applicable,Ratio,Two,World Development Indicators (WDI),Annual,Units,Normal value,Public,,,,,,,,,,,,,,,,,,,,,,,,,,,,,,,44.4,,,39.5,,,37.5,,,,
datastructure,WB.DATA360:DS_DATA360(1.3),I,A,DEU,WB_WDI_SI_POV_NAHC,_T,_T,_T,PT_POP,_Z,_Z,_Z,_Z,RATIO,2,WB_WDI,P1Y,0,A,PU,Annual,Germany,Poverty headcount ratio at national poverty lines (% of population),Total,All age ranges or no breakdown by age,Total,Percentage of population,Not Applicable,Not Applicable,Not Applicable,Not Applicable,Ratio,Two,World Development Indicators (WDI),Annual,Units,Normal value,Public,,,,,,,,,,,,,,,,,,,,,,,,,,,,,,,,,,,16.1,16.0,14.8,,,,
datastructure,WB.DATA360:DS_DATA360(1.3),I,A,DOM,WB_WDI_SI_POV_NAHC,_T,_T,_T,PT_POP,_Z,_Z,_Z,_Z,RATIO,2,WB_WDI,P1Y,0,A,PU,Annual,Dominican Republic,Poverty headcount ratio at national poverty lines (% of population),Total,All age ranges or no breakdown by age,Total,Percentage of population,Not Applicable,Not Applicable,Not Applicable,Not Applicable,Ratio,Two,World Development Indicators (WDI),Annual,Units,Normal value,Public,,,,,,,,,,,,,,,,,,,,,,,,,,,,,,,,34.8,31.2,28.3,25.8,30.4,30.7,27.7,23.0,19.0,17.3
datastructure,WB.DATA360:DS_DATA360(1.3),I,A,MWI,WB_WDI_SI_POV_NAHC,_T,_T,_T,PT_POP,_Z,_Z,_Z,_Z,RATIO,2,WB_WDI,P1Y,0,A,PU,Annual,Malawi,Poverty headcount ratio at national poverty lines (% of population),Total,All age ranges or no breakdown by age,Total,Percentage of population,Not Applicable,Not Applicable,Not Applicable,Not Applicable,Ratio,Two,World Development Indicators (WDI),Annual,Units,Normal value,Public,,,,,,,,,,,,,65.3,,,,,,,52.4,,,,,,50.7,,,,,,51.5,,,50.7,,,,,,
datastructure,WB.DATA360:DS_DATA360(1.3),I,A,TJK,WB_WDI_SI_POV_NAHC,_T,_T,_T,PT_POP,_Z,_Z,_Z,_Z,RATIO,2,WB_WDI,P1Y,0,A,PU,Annual,Tajikistan,Poverty headcount ratio at national poverty lines (% of population),Total,All age ranges or no breakdown by age,Total,Percentage of population,Not Applicable,Not Applicable,Not Applicable,Not Applicable,Ratio,Two,World Development Indicators (WDI),Annual,Units,Normal value,Public,,,,,,,,,,,,,,,,,,,,,,,,,,,,,,,,,,,,,25.6,21.7,20.4,19.8,
datastructure,WB.DATA360:DS_DATA360(1.3),I,A,JOR,WB_WDI_SI_POV_NAHC,_T,_T,_T,PT_POP,_Z,_Z,_Z,_Z,RATIO,2,WB_WDI,P1Y,0,A,PU,Annual,Jordan,Poverty headcount ratio at national poverty lines (% of population),Total,All age ranges or no breakdown by age,Total,Percentage of population,Not Applicable,Not Applicable,Not Applicable,Not Applicable,Ratio,Two,World Development Indicators (WDI),Annual,Units,Normal value,Public,,,,,,,,,,,,,,,,,,,,,,,,,,,,,,,,,,15.7,,,,,,,
datastructure,WB.DATA360:DS_DATA360(1.3),I,A,KGZ,WB_WDI_SI_POV_NAHC,_T,_T,_T,PT_POP,_Z,_Z,_Z,_Z,RATIO,2,WB_WDI,P1Y,0,A,PU,Annual,Kyrgyz Republic,Poverty headcount ratio at national poverty lines (% of population),Total,All age ranges or no breakdown by age,Total,Percentage of population,Not Applicable,Not Applicable,Not Applicable,Not Applicable,Ratio,Two,World Development Indicators (WDI),Annual,Units,Normal value,Public,,,,,,,,,,,,,,,,,,,,,,,,,,,,,,,,,,,,,,,29.8,25.7,
datastructure,WB.DATA360:DS_DATA360(1.3),I,A,LBR,WB_WDI_SI_POV_NAHC,_T,_T,_T,PT_POP,_Z,_Z,_Z,_Z,RATIO,2,WB_WDI,P1Y,0,A,PU,Annual,Liberia,Poverty headcount ratio at national poverty lines (% of population),Total,All age ranges or no breakdown by age,Total,Percentage of population,Not Applicable,Not Applicable,Not Applicable,Not Applicable,Ratio,Two,World Development Indicators (WDI),Annual,Units,Normal value,Public,,,,,,,,,,,,,,,,,,,,,,,,,,,,,,54.1,,50.9,,,,,,,,,
datastructure,WB.DATA360:DS_DATA360(1.3),I,A,MRT,WB_WDI_SI_POV_NAHC,_T,_T,_T,PT_POP,_Z,_Z,_Z,_Z,RATIO,2,WB_WDI,P1Y,0,A,PU,Annual,Mauritania,Poverty headcount ratio at national poverty lines (% of population),Total,All age ranges or no breakdown by age,Total,Percentage of population,Not Applicable,Not Applicable,Not Applicable,Not Applicable,Ratio,Two,World Development Indicators (WDI),Annual,Units,Normal value,Public,,,,,,,,,,,,,,,,,,,,,,,,,,,,,,34.3,,,,,31.8,,,,,,
datastructure,WB.DATA360:DS_DATA360(1.3),I,A,CMR,WB_WDI_SI_POV_NAHC,_T,_T,_T,PT_POP,_Z,_Z,_Z,_Z,RATIO,2,WB_WDI,P1Y,0,A,PU,Annual,Cameroon,Poverty headcount ratio at national poverty lines (% of population),Total,All age ranges or no breakdown by age,Total,Percentage of population,Not Applicable,Not Applicable,Not Applicable,Not Applicable,Ratio,Two,World Development Indicators (WDI),Annual,Units,Normal value,Public,,,,,,,,,,,,,,,,,,,,,,,,,,,,,,,,,,,,,37.7,,,,
datastructure,WB.DATA360:DS_DATA360(1.3),I,A,SVK,WB_WDI_SI_POV_NAHC,_T,_T,_T,PT_POP,_Z,_Z,_Z,_Z,RATIO,2,WB_WDI,P1Y,0,A,PU,Annual,Slovak Republic,Poverty headcount ratio at national poverty lines (% of population),Total,All age ranges or no breakdown by age,Total,Percentage of population,Not Applicable,Not Applicable,Not Applicable,Not Applicable,Ratio,Two,World Development Indicators (WDI),Annual,Units,Normal value,Public,,,,,,,,,,,,,,,,,,,,13.3,11.6,10.6,10.9,11.0,12.0,13.0,13.2,12.8,12.6,12.3,12.7,12.4,12.2,11.9,11.4,12.3,13.7,,,,
datastructure,WB.DATA360:DS_DATA360(1.3),I,A,PRY,WB_WDI_SI_POV_NAHC,_T,_T,_T,PT_POP,_Z,_Z,_Z,_Z,RATIO,2,WB_WDI,P1Y,0,A,PU,Annual,Paraguay,Poverty headcount ratio at national poverty lines (% of population),Total,All age ranges or no breakdown by age,Total,Percentage of population,Not Applicable,Not Applicable,Not Applicable,Not Applicable,Ratio,Two,World Development Indicators (WDI),Annual,Units,Normal value,Public,,,,,,,,,,,,,,,,,,,,,,,,,,,,,,,,,,,,,,25.5,22.7,20.1,
datastructure,WB.DATA360:DS_DATA360(1.3),I,A,TGO,WB_WDI_SI_POV_NAHC,_T,_T,_T,PT_POP,_Z,_Z,_Z,_Z,RATIO,2,WB_WDI,P1Y,0,A,PU,Annual,Togo,Poverty headcount ratio at national poverty lines (% of population),Total,All age ranges or no breakdown by age,Total,Percentage of population,Not Applicable,Not Applicable,Not Applicable,Not Applicable,Ratio,Two,World Development Indicators (WDI),Annual,Units,Normal value,Public,,,,,,,,,,,,,,,,,,,,,,,,,,,,,,,,,,45.5,,,43.8,,,,
datastructure,WB.DATA360:DS_DATA360(1.3),I,A,FIN,WB_WDI_SI_POV_NAHC,_T,_T,_T,PT_POP,_Z,_Z,_Z,_Z,RATIO,2,WB_WDI,P1Y,0,A,PU,Annual,Finland,Poverty headcount ratio at national poverty lines (% of population),Total,All age ranges or no breakdown by age,Total,Percentage of population,Not Applicable,Not Applicable,Not Applicable,Not Applicable,Ratio,Two,World Development Indicators (WDI),Annual,Units,Normal value,Public,,,,,,,,,,,,,,,,,,,11.0,11.7,12.6,13.0,13.6,13.8,13.1,13.7,13.2,11.8,12.8,12.4,11.6,11.5,12.0,11.6,12.2,10.8,12.7,12.2,,,
datastructure,WB.DATA360:DS_DATA360(1.3),I,A,ZMB,WB_WDI_SI_POV_NAHC,_T,_T,_T,PT_POP,_Z,_Z,_Z,_Z,RATIO,2,WB_WDI,P1Y,0,A,PU,Annual,Zambia,Poverty headcount ratio at national poverty lines (% of population),Total,All age ranges or no breakdown by age,Total,Percentage of population,Not Applicable,Not Applicable,Not Applicable,Not Applicable,Ratio,Two,World Development Indicators (WDI),Annual,Units,Normal value,Public,,,,,,,,,,,,,,,,,,,,,,,,,,57.0,,,,,54.4,,,,,,,60.0,,,
datastructure,WB.DATA360:DS_DATA360(1.3),I,A,SYR,WB_WDI_SI_POV_NAHC,_T,_T,_T,PT_POP,_Z,_Z,_Z,_Z,RATIO,2,WB_WDI,P1Y,0,A,PU,Annual,Syrian Arab Republic,Poverty headcount ratio at national poverty lines (% of population),Total,All age ranges or no breakdown by age,Total,Percentage of population,Not Applicable,Not Applicable,Not Applicable,Not Applicable,Ratio,Two,World Development Indicators (WDI),Annual,Units,Normal value,Public,,,,,,,,,,,,,,,,,,,30.1,,,35.2,,,,,,,,,,,,,,,,,,,
datastructure,WB.DATA360:DS_DATA360(1.3),I,A,CHL,WB_WDI_SI_POV_NAHC,_T,_T,_T,PT_POP,_Z,_Z,_Z,_Z,RATIO,2,WB_WDI,P1Y,0,A,PU,Annual,Chile,Poverty headcount ratio at national poverty lines (% of population),Total,All age ranges or no breakdown by age,Total,Percentage of population,Not Applicable,Not Applicable,Not Applicable,Not Applicable,Ratio,Two,World Development Indicators (WDI),Annual,Units,Normal value,Public,,,45.1,,,38.6,,32.8,,27.7,,23.2,,21.6,,36.0,,,35.4,,,28.7,,,24.8,,21.7,,13.9,,11.2,,8.5,,,10.7,,6.5,,,
datastructure,WB.DATA360:DS_DATA360(1.3),I,A,MNE,WB_WDI_SI_POV_NAHC,_T,_T,_T,PT_POP,_Z,_Z,_Z,_Z,RATIO,2,WB_WDI,P1Y,0,A,PU,Annual,Montenegro,Poverty headcount ratio at national poverty lines (% of population),Total,All age ranges or no breakdown by age,Total,Percentage of population,Not Applicable,Not Applicable,Not Applicable,Not Applicable,Ratio,Two,World Development Indicators (WDI),Annual,Units,Normal value,Public,,,,,,,,,,,,,,,,,,,,,11.2,11.3,8.0,4.9,6.8,6.6,9.3,25.2,24.1,24.4,24.0,23.6,23.8,24.5,22.6,21.2,20.3,20.1,20.0,,
datastructure,WB.DATA360:DS_DATA360(1.3),I,A,LCA,WB_WDI_SI_POV_NAHC,_T,_T,_T,PT_POP,_Z,_Z,_Z,_Z,RATIO,2,WB_WDI,P1Y,0,A,PU,Annual,St. Lucia,Poverty headcount ratio at national poverty lines (% of population),Total,All age ranges or no breakdown by age,Total,Percentage of population,Not Applicable,Not Applicable,Not Applicable,Not Applicable,Ratio,Two,World Development Indicators (WDI),Annual,Units,Normal value,Public,,,,,,,,,,,,,,,,,,,,,,,,,,,,,,,25.0,,,,,,,,,,
datastructure,WB.DATA360:DS_DATA360(1.3),I,A,CZE,WB_WDI_SI_POV_NAHC,_T,_T,_T,PT_POP,_Z,_Z,_Z,_Z,RATIO,2,WB_WDI,P1Y,0,A,PU,Annual,Czechia,Poverty headcount ratio at national poverty lines (% of population),Total,All age ranges or no breakdown by age,Total,Percentage of population,Not Applicable,Not Applicable,Not Applicable,Not Applicable,Ratio,Two,World Development Indicators (WDI),Annual,Units,Normal value,Public,,,,,,,,,,,,,,,,,,,,10.4,9.9,9.6,9.0,8.6,9.0,9.8,9.6,8.6,9.7,9.7,9.7,9.1,9.6,10.1,9.5,8.6,10.2,,,,
datastructure,WB.DATA360:DS_DATA360(1.3),I,A,NAM,WB_WDI_SI_POV_NAHC,_T,_T,_T,PT_POP,_Z,_Z,_Z,_Z,RATIO,2,WB_WDI,P1Y,0,A,PU,Annual,Namibia,Poverty headcount ratio at national poverty lines (% of population),Total,All age ranges or no breakdown by age,Total,Percentage of population,Not Applicable,Not Applicable,Not Applicable,Not Applicable,Ratio,Two,World Development Indicators (WDI),Annual,Units,Normal value,Public,,,,,,,,,69.3,,,,,,,,,,37.7,,,,,,28.7,,,,,,17.4,,,,,,,,,,
datastructure,WB.DATA360:DS_DATA360(1.3),I,A,SRB,WB_WDI_SI_POV_NAHC,_T,_T,_T,PT_POP,_Z,_Z,_Z,_Z,RATIO,2,WB_WDI,P1Y,0,A,PU,Annual,Serbia,Poverty headcount ratio at national poverty lines (% of population),Total,All age ranges or no breakdown by age,Total,Percentage of population,Not Applicable,Not Applicable,Not Applicable,Not Applicable,Ratio,Two,World Development Indicators (WDI),Annual,Units,Normal value,Public,,,,,,,,,,,,,,,,,,14.0,,14.6,,9.0,6.6,6.1,6.9,9.2,,24.5,25.0,26.7,25.9,25.7,24.3,23.0,22.4,21.4,20.2,19.9,19.7,,
datastructure,WB.DATA360:DS_DATA360(1.3),I,A,BFA,WB_WDI_SI_POV_NAHC,_T,_T,_T,PT_POP,_Z,_Z,_Z,_Z,RATIO,2,WB_WDI,P1Y,0,A,PU,Annual,Burkina Faso,Poverty headcount ratio at national poverty lines (% of population),Total,All age ranges or no breakdown by age,Total,Percentage of population,Not Applicable,Not Applicable,Not Applicable,Not Applicable,Ratio,Two,World Development Indicators (WDI),Annual,Units,Normal value,Public,,,,,,,,,,,,,,,,,,,,,,,,,,,,,,,,,,41.4,,,43.2,,,,
datastructure,WB.DATA360:DS_DATA360(1.3),I,A,PER,WB_WDI_SI_POV_NAHC,_T,_T,_T,PT_POP,_Z,_Z,_Z,_Z,RATIO,2,WB_WDI,P1Y,0,A,PU,Annual,Peru,Poverty headcount ratio at national poverty lines (% of population),Total,All age ranges or no breakdown by age,Total,Percentage of population,Not Applicable,Not Applicable,Not Applicable,Not Applicable,Ratio,Two,World Development Indicators (WDI),Annual,Units,Normal value,Public,,,,,,,,,,,,,42.7,42.4,47.5,48.4,54.8,54.3,52.3,58.7,55.6,49.2,42.4,37.3,33.5,30.8,27.8,25.8,23.9,22.7,21.8,20.7,21.7,20.5,20.2,30.1,25.9,27.5,29.0,27.6,
datastructure,WB.DATA360:DS_DATA360(1.3),I,A,LVA,WB_WDI_SI_POV_NAHC,_T,_T,_T,PT_POP,_Z,_Z,_Z,_Z,RATIO,2,WB_WDI,P1Y,0,A,PU,Annual,Latvia,Poverty headcount ratio at national poverty lines (% of population),Total,All age ranges or no breakdown by age,Total,Percentage of population,Not Applicable,Not Applicable,Not Applicable,Not Applicable,Ratio,Two,World Development Indicators (WDI),Annual,Units,Normal value,Public,,,,,,,,,,,,,,,,,,,,19.4,23.5,21.2,25.9,26.4,20.9,19.0,19.2,19.4,21.2,22.5,21.8,22.1,23.3,22.9,21.6,23.4,22.5,22.5,,,
datastructure,WB.DATA360:DS_DATA360(1.3),I,A,LBN,WB_WDI_SI_POV_NAHC,_T,_T,_T,PT_POP,_Z,_Z,_Z,_Z,RATIO,2,WB_WDI,P1Y,0,A,PU,Annual,Lebanon,Poverty headcount ratio at national poverty lines (% of population),Total,All age ranges or no breakdown by age,Total,Percentage of population,Not Applicable,Not Applicable,Not Applicable,Not Applicable,Ratio,Two,World Development Indicators (WDI),Annual,Units,Normal value,Public,,,,,,,,,,,,,,,,,,,,28.6,,,,,,,27.4,27.4,,,,,,,,,,,,,
datastructure,WB.DATA360:DS_DATA360(1.3),I,A,EST,WB_WDI_SI_POV_NAHC,_T,_T,_T,PT_POP,_Z,_Z,_Z,_Z,RATIO,2,WB_WDI,P1Y,0,A,PU,Annual,Estonia,Poverty headcount ratio at national poverty lines (% of population),Total,All age ranges or no breakdown by age,Total,Percentage of population,Not Applicable,Not Applicable,Not Applicable,Not Applicable,Ratio,Two,World Development Indicators (WDI),Annual,Units,Normal value,Public,,,,,,,,,,,,,,,,,,,20.2,18.3,18.3,19.4,19.5,19.7,15.8,17.5,17.5,18.6,21.8,21.6,21.7,21.0,21.9,21.7,20.7,20.6,22.8,22.5,,,
datastructure,WB.DATA360:DS_DATA360(1.3),I,A,COD,WB_WDI_SI_POV_NAHC,_T,_T,_T,PT_POP,_Z,_Z,_Z,_Z,RATIO,2,WB_WDI,P1Y,0,A,PU,Annual,"Congo, Dem. Rep.",Poverty headcount ratio at national poverty lines (% of population),Total,All age ranges or no breakdown by age,Total,Percentage of population,Not Applicable,Not Applicable,Not Applicable,Not Applicable,Ratio,Two,World Development Indicators (WDI),Annual,Units,Normal value,Public,,,,,,,,,,,,,,,,,,,,,,,,,,,,,,,,,,,,56.2,,,,,
datastructure,WB.DATA360:DS_DATA360(1.3),I,A,BRB,WB_WDI_SI_POV_NAHC,_T,_T,_T,PT_POP,_Z,_Z,_Z,_Z,RATIO,2,WB_WDI,P1Y,0,A,PU,Annual,Barbados,Poverty headcount ratio at national poverty lines (% of population),Total,All age ranges or no breakdown by age,Total,Percentage of population,Not Applicable,Not Applicable,Not Applicable,Not Applicable,Ratio,Two,World Development Indicators (WDI),Annual,Units,Normal value,Public,,,,,,,,,,,,,,,,,,,,,,,,,,,,,,,,25.7,,,,,,,,,
datastructure,WB.DATA360:DS_DATA360(1.3),I,A,URY,WB_WDI_SI_POV_NAHC,_T,_T,_T,PT_POP,_Z,_Z,_Z,_Z,RATIO,2,WB_WDI,P1Y,0,A,PU,Annual,Uruguay,Poverty headcount ratio at national poverty lines (% of population),Total,All age ranges or no breakdown by age,Total,Percentage of population,Not Applicable,Not Applicable,Not Applicable,Not Applicable,Ratio,Two,World Development Indicators (WDI),Annual,Units,Normal value,Public,,,,,,,,,,,,,,,,,,,,,,,,,,,,,,,,,,,,,,9.9,19.7,17.3,
datastructure,WB.DATA360:DS_DATA360(1.3),I,A,IRQ,WB_WDI_SI_POV_NAHC,_T,_T,_T,PT_POP,_Z,_Z,_Z,_Z,RATIO,2,WB_WDI,P1Y,0,A,PU,Annual,Iraq,Poverty headcount ratio at national poverty lines (% of population),Total,All age ranges or no breakdown by age,Total,Percentage of population,Not Applicable,Not Applicable,Not Applicable,Not Applicable,Ratio,Two,World Development Indicators (WDI),Annual,Units,Normal value,Public,,,,,,,,,,,,,,,,,,,,,,,,,,,,,,,,,,,,,,,17.5,,
datastructure,WB.DATA360:DS_DATA360(1.3),I,A,RWA,WB_WDI_SI_POV_NAHC,_T,_T,_T,PT_POP,_Z,_Z,_Z,_Z,RATIO,2,WB_WDI,P1Y,0,A,PU,Annual,Rwanda,Poverty headcount ratio at national poverty lines (% of population),Total,All age ranges or no breakdown by age,Total,Percentage of population,Not Applicable,Not Applicable,Not Applicable,Not Applicable,Ratio,Two,World Development Indicators (WDI),Annual,Units,Normal value,Public,,,,,,,,,,,,,,,,,,,,,,,,,,,,,,,,,,,,,,,27.4,,
datastructure,WB.DATA360:DS_DATA360(1.3),I,A,HND,WB_WDI_SI_POV_NAHC,_T,_T,_T,PT_POP,_Z,_Z,_Z,_Z,RATIO,2,WB_WDI,P1Y,0,A,PU,Annual,Honduras,Poverty headcount ratio at national poverty lines (% of population),Total,All age ranges or no breakdown by age,Total,Percentage of population,Not Applicable,Not Applicable,Not Applicable,Not Applicable,Ratio,Two,World Development Indicators (WDI),Annual,Units,Normal value,Public,,,,,,,,,,,,,,,,,,,,,,,,,,,,,,,,,,,,,73.6,,64.1,62.9,60.1
datastructure,WB.DATA360:DS_DATA360(1.3),I,A,MOZ,WB_WDI_SI_POV_NAHC,_T,_T,_T,PT_POP,_Z,_Z,_Z,_Z,RATIO,2,WB_WDI,P1Y,0,A,PU,Annual,Mozambique,Poverty headcount ratio at national poverty lines (% of population),Total,All age ranges or no breakdown by age,Total,Percentage of population,Not Applicable,Not Applicable,Not Applicable,Not Applicable,Ratio,Two,World Development Indicators (WDI),Annual,Units,Normal value,Public,,,,,,,,,,,,69.4,,,,,,60.3,,,,,,58.7,,,,,,48.4,,,,,68.2,,,65.0,,,
datastructure,WB.DATA360:DS_DATA360(1.3),I,A,CRI,WB_WDI_SI_POV_NAHC,_T,_T,_T,PT_POP,_Z,_Z,_Z,_Z,RATIO,2,WB_WDI,P1Y,0,A,PU,Annual,Costa Rica,Poverty headcount ratio at national poverty lines (% of population),Total,All age ranges or no breakdown by age,Total,Percentage of population,Not Applicable,Not Applicable,Not Applicable,Not Applicable,Ratio,Two,World Development Indicators (WDI),Annual,Units,Normal value,Public,,,,,28.3,27.1,31.9,29.4,23.2,20.0,20.4,21.5,20.7,19.7,20.6,20.6,20.3,20.6,18.5,21.7,21.2,20.2,16.7,17.7,18.5,24.2,24.8,23.5,23.3,24.6,23.6,22.9,22.1,22.9,23.9,30.0,26.2,25.5,24.4,20.3,17.1
datastructure,WB.DATA360:DS_DATA360(1.3),I,A,CYP,WB_WDI_SI_POV_NAHC,_T,_T,_T,PT_POP,_Z,_Z,_Z,_Z,RATIO,2,WB_WDI,P1Y,0,A,PU,Annual,Cyprus,Poverty headcount ratio at national poverty lines (% of population),Total,All age ranges or no breakdown by age,Total,Percentage of population,Not Applicable,Not Applicable,Not Applicable,Not Applicable,Ratio,Two,World Development Indicators (WDI),Annual,Units,Normal value,Public,,,,,,,,,,,,,,,,,,,,16.1,15.6,15.5,15.9,15.8,15.6,14.8,14.7,15.3,14.4,16.2,16.1,15.7,15.4,14.7,14.3,13.8,13.9,,,,
datastructure,WB.DATA360:DS_DATA360(1.3),I,A,TUR,WB_WDI_SI_POV_NAHC,_T,_T,_T,PT_POP,_Z,_Z,_Z,_Z,RATIO,2,WB_WDI,P1Y,0,A,PU,Annual,Türkiye,Poverty headcount ratio at national poverty lines (% of population),Total,All age ranges or no breakdown by age,Total,Percentage of population,Not Applicable,Not Applicable,Not Applicable,Not Applicable,Ratio,Two,World Development Indicators (WDI),Annual,Units,Normal value,Public,,,,,,,,,,,,,,,,,,,,,18.5,16.3,16.7,17.1,16.9,16.1,16.3,15.0,15.0,14.7,14.3,13.5,13.9,14.4,15.0,14.4,14.4,13.5,13.6,13.0,
datastructure,WB.DATA360:DS_DATA360(1.3),I,A,GRC,WB_WDI_SI_POV_NAHC,_T,_T,_T,PT_POP,_Z,_Z,_Z,_Z,RATIO,2,WB_WDI,P1Y,0,A,PU,Annual,Greece,Poverty headcount ratio at national poverty lines (% of population),Total,All age ranges or no breakdown by age,Total,Percentage of population,Not Applicable,Not Applicable,Not Applicable,Not Applicable,Ratio,Two,World Development Indicators (WDI),Annual,Units,Normal value,Public,,,,,,,,,,,,,,,,,,20.7,19.9,19.6,20.5,20.3,20.1,19.7,20.1,21.4,23.1,23.1,22.1,21.4,21.2,20.2,18.5,17.9,17.7,19.6,18.8,,,,
datastructure,WB.DATA360:DS_DATA360(1.3),I,A,DZA,WB_WDI_SI_POV_NAHC,_T,_T,_T,PT_POP,_Z,_Z,_Z,_Z,RATIO,2,WB_WDI,P1Y,0,A,PU,Annual,Algeria,Poverty headcount ratio at national poverty lines (% of population),Total,All age ranges or no breakdown by age,Total,Percentage of population,Not Applicable,Not Applicable,Not Applicable,Not Applicable,Ratio,Two,World Development Indicators (WDI),Annual,Units,Normal value,Public,,,,12.2,,,,,,,22.6,,,,,,,,,,,,,,,,5.5,,,,,,,,,,,,,,
datastructure,WB.DATA360:DS_DATA360(1.3),I,A,NPL,WB_WDI_SI_POV_NAHC,_T,_T,_T,PT_POP,_Z,_Z,_Z,_Z,RATIO,2,WB_WDI,P1Y,0,A,PU,Annual,Nepal,Poverty headcount ratio at national poverty lines (% of population),Total,All age ranges or no breakdown by age,Total,Percentage of population,Not Applicable,Not Applicable,Not Applicable,Not Applicable,Ratio,Two,World Development Indicators (WDI),Annual,Units,Normal value,Public,,,,,,,,,,,,,,,,,,,,,,,,,,,,,,,,,,,,,,20.3,,,
datastructure,WB.DATA360:DS_DATA360(1.3),I,A,MKD,WB_WDI_SI_POV_NAHC,_T,_T,_T,PT_POP,_Z,_Z,_Z,_Z,RATIO,2,WB_WDI,P1Y,0,A,PU,Annual,North Macedonia,Poverty headcount ratio at national poverty lines (% of population),Total,All age ranges or no breakdown by age,Total,Percentage of population,Not Applicable,Not Applicable,Not Applicable,Not Applicable,Ratio,Two,World Development Indicators (WDI),Annual,Units,Normal value,Public,,,,,,,,,,,,,,,,,,19.1,19.2,18.5,20.4,19.0,,,27.0,26.8,26.2,24.2,22.1,21.5,21.9,22.2,21.9,21.6,21.8,23.0,22.9,22.2,21.9,,
datastructure,WB.DATA360:DS_DATA360(1.3),I,A,LKA,WB_WDI_SI_POV_NAHC,_T,_T,_T,PT_POP,_Z,_Z,_Z,_Z,RATIO,2,WB_WDI,P1Y,0,A,PU,Annual,Sri Lanka,Poverty headcount ratio at national poverty lines (% of population),Total,All age ranges or no breakdown by age,Total,Percentage of population,Not Applicable,Not Applicable,Not Applicable,Not Applicable,Ratio,Two,World Development Indicators (WDI),Annual,Units,Normal value,Public,,,,,,26.1,,,,,28.8,,,,,,,46.8,,,,34.1,,,28.4,,,22.5,,,,16.0,,,14.3,,,,,,
datastructure,WB.DATA360:DS_DATA360(1.3),I,A,NIC,WB_WDI_SI_POV_NAHC,_T,_T,_T,PT_POP,_Z,_Z,_Z,_Z,RATIO,2,WB_WDI,P1Y,0,A,PU,Annual,Nicaragua,Poverty headcount ratio at national poverty lines (% of population),Total,All age ranges or no breakdown by age,Total,Percentage of population,Not Applicable,Not Applicable,Not Applicable,Not Applicable,Ratio,Two,World Development Indicators (WDI),Annual,Units,Normal value,Public,,,,,,,,,,,,,,47.9,,,45.8,,,,48.3,,,,42.5,,,,,29.6,,24.9,,,,,,,,,
datastructure,WB.DATA360:DS_DATA360(1.3),I,A,NGA,WB_WDI_SI_POV_NAHC,_T,_T,_T,PT_POP,_Z,_Z,_Z,_Z,RATIO,2,WB_WDI,P1Y,0,A,PU,Annual,Nigeria,Poverty headcount ratio at national poverty lines (% of population),Total,All age ranges or no breakdown by age,Total,Percentage of population,Not Applicable,Not Applicable,Not Applicable,Not Applicable,Ratio,Two,World Development Indicators (WDI),Annual,Units,Normal value,Public,,,,,,,,,,,,,,,,,,,,,,,,,,,,,,,,,,40.1,,,,56.2,,,
datastructure,WB.DATA360:DS_DATA360(1.3),I,A,GIN,WB_WDI_SI_POV_NAHC,_T,_T,_T,PT_POP,_Z,_Z,_Z,_Z,RATIO,2,WB_WDI,P1Y,0,A,PU,Annual,Guinea,Poverty headcount ratio at national poverty lines (% of population),Total,All age ranges or no breakdown by age,Total,Percentage of population,Not Applicable,Not Applicable,Not Applicable,Not Applicable,Ratio,Two,World Development Indicators (WDI),Annual,Units,Normal value,Public,,,,,,,,,,,,,,,,,,,,,,,,,,,,,,,,,,43.7,,,,,,,
datastructure,WB.DATA360:DS_DATA360(1.3),I,A,UZB,WB_WDI_SI_POV_NAHC,_T,_T,_T,PT_POP,_Z,_Z,_Z,_Z,RATIO,2,WB_WDI,P1Y,0,A,PU,Annual,Uzbekistan,Poverty headcount ratio at national poverty lines (% of population),Total,All age ranges or no breakdown by age,Total,Percentage of population,Not Applicable,Not Applicable,Not Applicable,Not Applicable,Ratio,Two,World Development Indicators (WDI),Annual,Units,Normal value,Public,,,,,,,,,,,,,,,,,27.5,26.5,27.2,26.1,25.8,,,,,17.7,16.0,15.0,14.1,,,,,,,,17.0,14.1,11.0,8.9,5.8
datastructure,WB.DATA360:DS_DATA360(1.3),I,A,JAM,WB_WDI_SI_POV_NAHC,_T,_T,_T,PT_POP,_Z,_Z,_Z,_Z,RATIO,2,WB_WDI,P1Y,0,A,PU,Annual,Jamaica,Poverty headcount ratio at national poverty lines (% of population),Total,All age ranges or no breakdown by age,Total,Percentage of population,Not Applicable,Not Applicable,Not Applicable,Not Applicable,Ratio,Two,World Development Indicators (WDI),Annual,Units,Normal value,Public,,,,,,,,,,,,,,,,,,,,,,,,,,,,19.9,24.6,20.0,21.2,17.1,19.3,12.6,11.0,,16.7,,8.2,,
datastructure,WB.DATA360:DS_DATA360(1.3),I,A,TLS,WB_WDI_SI_POV_NAHC,_T,_T,_T,PT_POP,_Z,_Z,_Z,_Z,RATIO,2,WB_WDI,P1Y,0,A,PU,Annual,Timor-Leste,Poverty headcount ratio at national poverty lines (% of population),Total,All age ranges or no breakdown by age,Total,Percentage of population,Not Applicable,Not Applicable,Not Applicable,Not Applicable,Ratio,Two,World Development Indicators (WDI),Annual,Units,Normal value,Public,,,,,,,,,,,,,,,,,36.3,,,,,,50.4,,,,,,,41.8,,,,,,,,,,,
datastructure,WB.DATA360:DS_DATA360(1.3),I,A,BEL,WB_WDI_SI_POV_NAHC,_T,_T,_T,PT_POP,_Z,_Z,_Z,_Z,RATIO,2,WB_WDI,P1Y,0,A,PU,Annual,Belgium,Poverty headcount ratio at national poverty lines (% of population),Total,All age ranges or no breakdown by age,Total,Percentage of population,Not Applicable,Not Applicable,Not Applicable,Not Applicable,Ratio,Two,World Development Indicators (WDI),Annual,Units,Normal value,Public,,,,,,,,,,,,,,,,,,,,,,,,,,,,,,,,,,14.8,14.1,12.7,13.2,12.3,,,
datastructure,WB.DATA360:DS_DATA360(1.3),I,A,GEO,WB_WDI_SI_POV_NAHC,_T,_T,_T,PT_POP,_Z,_Z,_Z,_Z,RATIO,2,WB_WDI,P1Y,0,A,PU,Annual,Georgia,Poverty headcount ratio at national poverty lines (% of population),Total,All age ranges or no breakdown by age,Total,Percentage of population,Not Applicable,Not Applicable,Not Applicable,Not Applicable,Ratio,Two,World Development Indicators (WDI),Annual,Units,Normal value,Public,,,,,,,,,,,,,,,,,,,,34.3,35.4,36.9,38.8,34.9,34.9,37.3,34.1,30.0,26.2,23.5,21.6,22.0,21.9,20.1,19.5,21.3,17.5,15.6,11.8,9.4,
datastructure,WB.DATA360:DS_DATA360(1.3),I,A,GNQ,WB_WDI_SI_POV_NAHC,_T,_T,_T,PT_POP,_Z,_Z,_Z,_Z,RATIO,2,WB_WDI,P1Y,0,A,PU,Annual,Equatorial Guinea,Poverty headcount ratio at national poverty lines (% of population),Total,All age ranges or no breakdown by age,Total,Percentage of population,Not Applicable,Not Applicable,Not Applicable,Not Applicable,Ratio,Two,World Development Indicators (WDI),Annual,Units,Normal value,Public,,,,,,,,,,,,,,,,,,,,,,,,,,,,,,,,,,,,,,50.7,,,
datastructure,WB.DATA360:DS_DATA360(1.3),I,A,BIH,WB_WDI_SI_POV_NAHC,_T,_T,_T,PT_POP,_Z,_Z,_Z,_Z,RATIO,2,WB_WDI,P1Y,0,A,PU,Annual,Bosnia and Herzegovina,Poverty headcount ratio at national poverty lines (% of population),Total,All age ranges or no breakdown by age,Total,Percentage of population,Not Applicable,Not Applicable,Not Applicable,Not Applicable,Ratio,Two,World Development Indicators (WDI),Annual,Units,Normal value,Public,,,,,,,,,,,,,,,,,,,,17.7,,,18.2,,,,17.9,,,,16.9,,,,,,,,,,
